codigo_cnes,distrito,ocupacao,CO_CBO,CO_PROFISSIONAL_SUS
2124203,Brumadinho,Medico Da Estrategia De Saude Da Familia,225142,2107D051BC69726D
2124203,Brumadinho,Medico Da Estrategia De Saude Da Familia,225142,217421D9DBC70D51
2124203,Brumadinho,Medico Clinico,225125,60B7E49E7F41CD27
2124203,Brumadinho,Medico Pediatra,225124,7B5216F1031CFB25
2124203,Brumadinho,Tecnico De Enfermagem Da Estrategia De Saude Da Familia,322245,0DB52D62EED04E80
2124203,Brumadinho,Tecnico De Enfermagem Da Estrategia De Saude Da Familia,322245,61E8693D268C01E8
2124203,Brumadinho,Atendente De Farmacia  Balconista,521130,69A3E70A66B7A436
2124203,Brumadinho,Tecnico De Enfermagem Da Estrategia De Saude Da Familia,322245,76C5E45826107851
2124203,Brumadinho,Tecnico De Enfermagem Da Estrategia De Saude Da Familia,322245,46A2C78A5C4E3445
2124203,Brumadinho,Assistente Administrativo,411010,F4233EE77635669E
2124203,Brumadinho,Cirurgiaodentista Da Estrategia De Saude Da Familia,223293,BF30C880F39E710B
2124203,Brumadinho,Auxiliar Em Saude Bucal Da Estrategia De Saude Da Familia,322430,6AC8692C4F5D7866
2124203,Brumadinho,Agente Comunitario De Saude,515105,9017F951C2197848
2124203,Brumadinho,Agente Comunitario De Saude,515105,A7F33CEEB69BFA8F
2124203,Brumadinho,Agente Comunitario De Saude,515105,B2CA2C3026280C14
2124203,Brumadinho,Fisioterapeuta Geral,223605,D1E01657CF61EDDA
2124203,Brumadinho,Fisioterapeuta Geral,223605,80FD25C227B1DC70
2124203,Brumadinho,Enfermeiro Da Estrategia De Saude Da Familia,223565,1EEE5E7F029C55E8
2124203,Brumadinho,Agente Comunitario De Saude,515105,7E5B7D01B81079FC
2124203,Brumadinho,Agente Comunitario De Saude,515105,4FF97B1164BD72B6
2124203,Brumadinho,Assistente Administrativo,411010,39C3A285CF468DDD
2124203,Brumadinho,Agente Comunitario De Saude,515105,CB2C801F94697D4A
2124203,Brumadinho,Tecnico De Enfermagem Da Estrategia De Saude Da Familia,322245,31231309015EB14E
2124203,Brumadinho,Tecnico De Enfermagem Da Estrategia De Saude Da Familia,322245,1EE8D8DEDEFD876D
2124203,Brumadinho,Fonoaudiologo Geral,223810,7B33F3A1D230F493
2124203,Brumadinho,Fisioterapeuta Geral,223605,BAEC3803D9B0C5D8
2124203,Brumadinho,Agente De Combate As Endemias,515140,CEA2AD3CDB1A9542
2124203,Brumadinho,Profissional De Educacao Fisica Na Saude,224140,D5B3038F65543B52
2124203,Brumadinho,Enfermeiro Da Estrategia De Saude Da Familia,223565,5F4C2062933CD45B
2124203,Brumadinho,Profissional De Educacao Fisica Na Saude,224140,C17E33D74C5CE6FE
2124203,Brumadinho,Fisioterapeuta Geral,223605,2DBBB22A8F71C830
2124203,Brumadinho,Fisioterapeuta Geral,223605,8678CE1FFECA89ED
2124203,Brumadinho,Fisioterapeuta Geral,223605,2CB6D4119D845894
2124203,Brumadinho,Fisioterapeuta Geral,223605,EADF4B7A4D32DA10
2124203,Brumadinho,Enfermeiro Da Estrategia De Saude Da Familia,223565,255253D10294F5E6
2124211,Brumadinho,Agente De Combate As Endemias,515140,91094EFFD615E701
2124211,Brumadinho,Cirurgiaodentista Da Estrategia De Saude Da Familia,223293,80BDECB7D58649D3
2124211,Brumadinho,Auxiliar Em Saude Bucal Da Estrategia De Saude Da Familia,322430,D3BBE99837905847
2124211,Brumadinho,Tecnico De Enfermagem Da Estrategia De Saude Da Familia,322245,83C76FDBD25361FE
2124211,Brumadinho,Agente Comunitario De Saude,515105,EAB22C0A8CAC45E7
2124211,Brumadinho,Agente Comunitario De Saude,515105,94EC7586AF47444D
2124211,Brumadinho,Tecnico De Enfermagem Da Estrategia De Saude Da Familia,322245,D59A933371E25B90
2124211,Brumadinho,Agente Comunitario De Saude,515105,7C89723107DF35AE
2124211,Brumadinho,Agente Comunitario De Saude,515105,423FEAA3D8B37724
2124211,Brumadinho,Agente Comunitario De Saude,515105,E947C572CC5079EB
2124211,Brumadinho,Agente Comunitario De Saude,515105,0202D4AC574B5DE9
2124211,Brumadinho,Assistente Administrativo,411010,657D2303639D4D39
2124211,Brumadinho,Atendente De Farmacia  Balconista,521130,C07BD55596707190
2124211,Brumadinho,Agente Comunitario De Saude,515105,A606716A5F429641
2124211,Brumadinho,Assistente Administrativo,411010,501ACB251EEE591C
2124211,Brumadinho,Enfermeiro Da Estrategia De Saude Da Familia,223565,7F7E2CA92DD47302
2124211,Brumadinho,Medico Da Estrategia De Saude Da Familia,225142,301A699726F1A4CE
2124211,Brumadinho,Medico Da Estrategia De Saude Da Familia,225142,18077877082E9EB7
2124211,Brumadinho,Agente Comunitario De Saude,515105,086930530E8AF5D9
2124211,Brumadinho,Medico Da Estrategia De Saude Da Familia,225142,CD247D2EB1EAA748
2124211,Brumadinho,Faxineiro,514320,FD14420647E26FBB
2124211,Brumadinho,Tecnico De Enfermagem Da Estrategia De Saude Da Familia,322245,24FB7A73D0C1F421
2124238,Conceição de Itaguá,Agente De Combate As Endemias,515140,7F3D278AAD6B59D1
2124238,Conceição de Itaguá,Agente De Combate As Endemias,515140,A482457F92C1C207
2124238,Conceição de Itaguá,Auxiliar Em Saude Bucal Da Estrategia De Saude Da Familia,322430,DE701231E1426615
2124238,Conceição de Itaguá,Enfermeiro Da Estrategia De Saude Da Familia,223565,FEA4659900D076F1
2124238,Conceição de Itaguá,Agente Comunitario De Saude,515105,691D940D8AA1E5D2
2124238,Conceição de Itaguá,Agente Comunitario De Saude,515105,2622D503C07EE3DD
2124238,Conceição de Itaguá,Tecnico De Enfermagem Da Estrategia De Saude Da Familia,322245,61080AE0D8CC73C9
2124238,Conceição de Itaguá,Agente Comunitario De Saude,515105,3673770052CE0237
2124238,Conceição de Itaguá,Medico Da Estrategia De Saude Da Familia,225142,31F571290DA2A93C
2124238,Conceição de Itaguá,Agente Comunitario De Saude,515105,B7FABD62E6D67088
2124238,Conceição de Itaguá,Agente Comunitario De Saude,515105,CEEB8DF2587A3503
2124238,Conceição de Itaguá,Agente De Seguranca,517310,AB82F20D75C3545E
2124238,Conceição de Itaguá,Faxineiro,514320,54D5C1C3C9976880
2124238,Conceição de Itaguá,Vigilante,517330,E5D01733A2090FA9
2124238,Conceição de Itaguá,Atendente De Farmacia  Balconista,521130,61191A7D60EB9FA8
2124238,Conceição de Itaguá,Tecnico De Enfermagem Da Estrategia De Saude Da Familia,322245,A465E9F0FEC149BA
2124238,Conceição de Itaguá,Atendente De Farmacia  Balconista,521130,43651B0550337912
2124238,Conceição de Itaguá,Assistente Administrativo,411010,B34B75765C158BAF
2124238,Conceição de Itaguá,Tecnico De Enfermagem Da Estrategia De Saude Da Familia,322245,4D7A7E126F40E207
2124238,Conceição de Itaguá,Cirurgiaodentista Da Estrategia De Saude Da Familia,223293,B6C457B6FDCB69FE
2124246,Conceição de Itaguá,Medico Da Estrategia De Saude Da Familia,225142,A07F0536D9CCEB73
2124246,Conceição de Itaguá,Medico Da Estrategia De Saude Da Familia,225142,2B5D92CFD20B61B3
2124246,Conceição de Itaguá,Faxineiro,514320,547975F6835E9534
2124246,Conceição de Itaguá,Tecnico De Enfermagem,322205,C5C519CE3727FF51
2124246,Conceição de Itaguá,Tecnico De Enfermagem Da Estrategia De Saude Da Familia,322245,4469FD596A852C7F
2124246,Conceição de Itaguá,Tecnico De Enfermagem Da Estrategia De Saude Da Familia,322245,AF3873BA05B1CA1C
2124246,Conceição de Itaguá,Tecnico Em Saude Bucal Da Estrategia De Saude Da Familia,322425,950AD8725F470D86
2124246,Conceição de Itaguá,Agente Comunitario De Saude,515105,C7049B9E9D8FE96D
2124246,Conceição de Itaguá,Agente Comunitario De Saude,515105,DC2266AA89A3B910
2124246,Conceição de Itaguá,Agente Comunitario De Saude,515105,A0271F45050D6C6B
2124246,Conceição de Itaguá,Tecnico De Enfermagem Da Estrategia De Saude Da Familia,322245,141EBEFF5C1FFA04
2124246,Conceição de Itaguá,Agente Comunitario De Saude,515105,3B071784EBE56BC9
2124246,Conceição de Itaguá,Agente Comunitario De Saude,515105,0DB364C31B43F8E5
2124246,Conceição de Itaguá,Enfermeiro Da Estrategia De Saude Da Familia,223565,48199CCD07C74008
2124246,Conceição de Itaguá,Trabalhador De Servicos De Limpeza E Conservacao De Areas Publicas,514225,D545F5B28664F0A5
2124246,Conceição de Itaguá,Assistente Administrativo,411010,80120406219EA0A1
2124246,Conceição de Itaguá,Faxineiro,514320,F2C149C04C17F9FE
2124246,Conceição de Itaguá,Assistente Administrativo,411010,48A9BB006334DEB3
2124246,Conceição de Itaguá,Tecnico De Enfermagem Da Estrategia De Saude Da Familia,322245,642804B33B9EB036
2124246,Conceição de Itaguá,Agente Comunitario De Saude,515105,986E95C061C0DC68
2124246,Conceição de Itaguá,Auxiliar Em Saude Bucal Da Estrategia De Saude Da Familia,322430,F34311AE2994A312
2124246,Conceição de Itaguá,Cirurgiaodentista Da Estrategia De Saude Da Familia,223293,0AAD0BE9540A7D32
2124246,Conceição de Itaguá,Enfermeiro Da Estrategia De Saude Da Familia,223565,2532FC958A291AC8
2124254,Aranha,Enfermeiro Da Estrategia De Saude Da Familia,223565,7A9DCF41F47F5F46
2124254,Aranha,Fisioterapeuta Geral,223605,80E2361C41AC3C3E
2124254,Aranha,Tecnico De Enfermagem Da Estrategia De Saude Da Familia,322245,8C8A657CDFFDFE1D
2124254,Aranha,Agente Comunitario De Saude,515105,022564F7B0517AFD
2124254,Aranha,Agente Comunitario De Saude,515105,4DECC2F39777A3A5
2124254,Aranha,Auxiliar Em Saude Bucal Da Estrategia De Saude Da Familia,322430,E1E29C015FA81117
2124254,Aranha,Medico Da Estrategia De Saude Da Familia,225142,9B917CA1C8B44F36
2124254,Aranha,Fisioterapeuta Geral,223605,F6401BC185EB445B
2124254,Aranha,Fisioterapeuta Geral,223605,AF66D9635B71E303
2124254,Aranha,Fisioterapeuta Geral,223605,6DEE114E089F9CA4
2124254,Aranha,Profissional De Educacao Fisica Na Saude,224140,CD16A7610F34D5D6
2124254,Aranha,Fisioterapeuta Geral,223605,1DB3A2C516C43CD5
2124254,Aranha,Assistente Social,251605,963E50E3DB263AD2
2124254,Aranha,Agente Comunitario De Saude,515105,7A1272AAFCECB9B9
2124254,Aranha,Tecnico De Enfermagem Da Estrategia De Saude Da Familia,322245,1D9DB1A5A69D0E7C
2124254,Aranha,Tecnico De Enfermagem Da Estrategia De Saude Da Familia,322245,8BCA2E536372FB94
2124254,Aranha,Cirurgiaodentista Da Estrategia De Saude Da Familia,223293,34C5EA6EB29E8FAE
2124254,Aranha,Agente Comunitario De Saude,515105,771E50F89D7A0393
2124254,Aranha,Fisioterapeuta Geral,223605,3428E62F8AF21939
2124254,Aranha,Nutricionista,223710,FB1E7AC1B74A3794
2124254,Aranha,Agente Comunitario De Saude,515105,DE84B936CFFCFF65
2124254,Aranha,Agente Comunitario De Saude,515105,093BA624B878577A
2124254,Aranha,Faxineiro,514320,9232A0206C996C42
2124254,Aranha,Enfermeiro Da Estrategia De Saude Da Familia,223565,5130EBFF5F55483A
2124254,Aranha,Tecnico De Enfermagem Da Estrategia De Saude Da Familia,322245,F016C32978A1A550
2124254,Aranha,Assistente Administrativo,411010,3CC8E17DE4731DFE
2124254,Aranha,Faxineiro,514320,FC07B6AFBDC4A16D
2124254,Aranha,Faxineiro,514320,48EE234660B03651
2124254,Aranha,Assistente Administrativo,411010,8BCD8DDA4948EFEA
2124254,Aranha,Atendente De Farmacia  Balconista,521130,AA517B3FCF49DA0A
2124254,Aranha,Faxineiro,514320,799DF5FFA0880132
2124262,Brumadinho,Medico Da Estrategia De Saude Da Familia,225142,6A445E18ED0FDAEE
2124262,Brumadinho,Enfermeiro Da Estrategia De Saude Da Familia,223565,23F81A19A3522DCE
2124262,Brumadinho,Cirurgiaodentista Da Estrategia De Saude Da Familia,223293,275348ACC3A90AFB
2124262,Brumadinho,Agente Comunitario De Saude,515105,A28F069F01424584
2124262,Brumadinho,Agente Comunitario De Saude,515105,2713BEF589869747
2124262,Brumadinho,Cirurgiaodentista Da Estrategia De Saude Da Familia,223293,C616571888B489CA
2124262,Brumadinho,Tecnico De Enfermagem Da Estrategia De Saude Da Familia,322245,50A6DE261C5F0DAF
2124262,Brumadinho,Agente Comunitario De Saude,515105,90BFF8009951BFD3
2124262,Brumadinho,Agente Comunitario De Saude,515105,0A7A04000124E5D5
2124262,Brumadinho,Agente Comunitario De Saude,515105,6823111842CED8B7
2124262,Brumadinho,Auxiliar Em Saude Bucal,322415,3F58F785DF3B157C
2124262,Brumadinho,Auxiliar Em Saude Bucal Da Estrategia De Saude Da Familia,322430,71897B7ACF8C8670
2124262,Brumadinho,Atendente De Farmacia  Balconista,521130,69E965E5B136DBFA
2124262,Brumadinho,Faxineiro,514320,F87DC06E72627409
2124262,Brumadinho,Assistente Administrativo,411010,84F877DE976037E7
2124262,Brumadinho,Tecnico De Enfermagem Da Estrategia De Saude Da Familia,322245,7FDFAE9F9CEA9AEE
2124270,Piedade do Paraopeba,Medico Da Estrategia De Saude Da Familia,225142,4E4CC836AB94987A
2124270,Piedade do Paraopeba,Medico Da Estrategia De Saude Da Familia,225142,95C23C3D87E5E3FC
2124270,Piedade do Paraopeba,Medico Clinico,225125,52A3D399AF0BFF6F
2124270,Piedade do Paraopeba,Medico Da Estrategia De Saude Da Familia,225142,DBBD8E9C3FCDACD7
2124270,Piedade do Paraopeba,Agente Comunitario De Saude,515105,0228E62F700AEADE
2124270,Piedade do Paraopeba,Auxiliar Em Saude Bucal Da Estrategia De Saude Da Familia,322430,47F8473FF8ADD642
2124270,Piedade do Paraopeba,Cirurgiaodentista Da Estrategia De Saude Da Familia,223293,E4857E73A3463A7F
2124270,Piedade do Paraopeba,Medico Da Estrategia De Saude Da Familia,225142,C34FD30E766C1BAD
2124270,Piedade do Paraopeba,Agente Comunitario De Saude,515105,DEC435A6D6FAFAE6
2124270,Piedade do Paraopeba,Medico Da Estrategia De Saude Da Familia,225142,3BD547F94E93D458
2124270,Piedade do Paraopeba,Enfermeiro,223505,7CBE7C390A975BA3
2124270,Piedade do Paraopeba,Tecnico De Enfermagem,322205,0D468F97480C36C7
2124270,Piedade do Paraopeba,Tecnico De Enfermagem,322205,E0C4E9F7C2C90B00
2124270,Piedade do Paraopeba,Tecnico De Enfermagem,322205,796AF330495F5D9D
2124270,Piedade do Paraopeba,Enfermeiro,223505,8D24D5CDE1B12F86
2124270,Piedade do Paraopeba,Agente Comunitario De Saude,515105,20D929A72B5699C2
2124270,Piedade do Paraopeba,Enfermeiro Da Estrategia De Saude Da Familia,223565,217BE9FE69C6D158
2124270,Piedade do Paraopeba,Tecnico De Enfermagem Da Estrategia De Saude Da Familia,322245,3F5456C6D6EAB47A
2124270,Piedade do Paraopeba,Medico Da Estrategia De Saude Da Familia,225142,F7DD0741CCDD8198
2124270,Piedade do Paraopeba,Trabalhador De Servicos De Limpeza E Conservacao De Areas Publicas,514225,D84ABCFC06AC716D
2124270,Piedade do Paraopeba,Tecnico De Enfermagem Da Estrategia De Saude Da Familia,322245,7F014D747DA24B01
2124270,Piedade do Paraopeba,Assistente Administrativo,411010,9E99B450D4C3D107
2124270,Piedade do Paraopeba,Tecnico De Enfermagem Da Estrategia De Saude Da Familia,322245,2AFCE8AF2A451823
2124270,Piedade do Paraopeba,Trabalhador De Servicos De Limpeza E Conservacao De Areas Publicas,514225,A30F6DF45157B0EB
2124270,Piedade do Paraopeba,Agente Comunitario De Saude,515105,E569D3B67C685B35
2124270,Piedade do Paraopeba,Agente Comunitario De Saude,515105,38F03DFEB930EBFA
2124270,Piedade do Paraopeba,Tecnico De Enfermagem Da Estrategia De Saude Da Familia,322245,40ECB7E1518952F5
2124270,Piedade do Paraopeba,Medico Da Estrategia De Saude Da Familia,225142,2B269D1E4F904793
2124270,Piedade do Paraopeba,Medico Da Estrategia De Saude Da Familia,225142,20ABC82C12913BE4
2124270,Piedade do Paraopeba,Agente Comunitario De Saude,515105,E86490436252DDBB
2124270,Piedade do Paraopeba,Agente Comunitario De Saude,515105,6669A0F749C62510
2124270,Piedade do Paraopeba,Medico Da Estrategia De Saude Da Familia,225142,F2B3EA2227727CFF
2124270,Piedade do Paraopeba,Medico Da Estrategia De Saude Da Familia,225142,F5644EEC1E6A81ED
2124270,Piedade do Paraopeba,Tecnico De Enfermagem Da Estrategia De Saude Da Familia,322245,8EEA58E2D87D6765
2124270,Piedade do Paraopeba,Medico Da Estrategia De Saude Da Familia,225142,C1ED0FC3527B7724
2124270,Piedade do Paraopeba,Medico Da Estrategia De Saude Da Familia,225142,31F9FA5BAB485D6D
2124270,Piedade do Paraopeba,Medico Da Estrategia De Saude Da Familia,225142,919F047D65407CFF
2124289,Brumadinho,Fonoaudiologo Geral,223810,7B33F3A1D230F493
2124289,Brumadinho,Psicologo Clinico,251510,1A50823091767E0F
2124289,Brumadinho,Nutricionista,223710,B221556154866769
2124289,Brumadinho,Enfermeiro,223505,886490CC914D795F
2124289,Brumadinho,Assistente Social,251605,1DB681D0553FE940
2124289,Brumadinho,Tecnico De Enfermagem,322205,23FD8CD4EF8F27BB
2124289,Brumadinho,Medico Clinico,225125,23C6400712914E20
2124289,Brumadinho,Fisioterapeuta Geral,223605,ABCED18FF1F7E134
2124289,Brumadinho,Tecnico De Enfermagem,322205,022EDFB663581381
2124289,Brumadinho,Enfermeiro,223505,2033C80A5DAE8E3B
2124289,Brumadinho,Tecnico De Enfermagem,322205,2296BBD5128A2ED2
2124300,Brumadinho,Psicologo Clinico,251510,014201129F754041
2124300,Brumadinho,Psicologo Clinico,251510,7F8C7C5EA62DFB2A
2124300,Brumadinho,Medico Psiquiatra,225133,CA1FBCEDF91DC8DB
2124300,Brumadinho,Psicologo Clinico,251510,CF3ACEB57627031D
2124300,Brumadinho,Medico Psiquiatra,225133,550DE880C3FCF34B
2124300,Brumadinho,Psicologo Clinico,251510,2B9473C5309EB50A
2124300,Brumadinho,Psicologo Clinico,251510,052DFCD554F2B25B
2124300,Brumadinho,Psicologo Clinico,251510,8B0DD7C39782FBA1
2124300,Brumadinho,Psicologo Clinico,251510,7C536A470396D45F
2124300,Brumadinho,Psicologo Clinico,251510,12E53F2E9CF1293F
2124300,Brumadinho,Psicologo Clinico,251510,F9D8E4F857AC18F3
2124300,Brumadinho,Psicologo Clinico,251510,54253F70DE3D16C3
2124300,Brumadinho,Psicologo Clinico,251510,1C953F5528C07008
2124300,Brumadinho,Psicologo Clinico,251510,005E6A3F90064233
2124300,Brumadinho,Psicologo Clinico,251510,C272EBC8889181EB
2124300,Brumadinho,Psicologo Clinico,251510,16FBD4B38B5FEDD8
2124300,Brumadinho,Psicologo Clinico,251510,3F23DA3CE5F1D3CE
2124300,Brumadinho,Psicologo Clinico,251510,A41816A9B2208C4B
2124300,Brumadinho,Psicologo Clinico,251510,42C4C2ECE2D0ACFE
2124300,Brumadinho,Psicologo Clinico,251510,CBAC65BE784CD698
2124300,Brumadinho,Psicologo Clinico,251510,265B4793761E1FB2
2124327,Brumadinho,Agente Comunitario De Saude,515105,B8E3EE75642C3F69
2124327,Brumadinho,Medico Da Estrategia De Saude Da Familia,225142,57ABA84DD41CD080
2124327,Brumadinho,Agente Comunitario De Saude,515105,1A465091BAB6B5E3
2124327,Brumadinho,Agente Comunitario De Saude,515105,6F38894E2505FAF2
2124327,Brumadinho,Tecnico De Enfermagem Da Estrategia De Saude Da Familia,322245,9B5E30700D688E1E
2124327,Brumadinho,Agente Comunitario De Saude,515105,35977906F8E277A9
2124327,Brumadinho,Atendente De Farmacia  Balconista,521130,06917D1E4B2D7CBC
2124327,Brumadinho,Faxineiro,514320,B7666D31DDAD3D4A
2124327,Brumadinho,Tecnico De Enfermagem Da Estrategia De Saude Da Familia,322245,62D92E1CB5BFB23E
2124327,Brumadinho,Agente Comunitario De Saude,515105,15239216ADFAA3D4
2124327,Brumadinho,Agente De Combate As Endemias,515140,7FD20C5FF349C265
2124327,Brumadinho,Tecnico De Enfermagem Da Estrategia De Saude Da Familia,322245,D13319362A7B55BB
2124327,Brumadinho,Agente Comunitario De Saude,515105,07F8253A23675F66
2124327,Brumadinho,Enfermeiro Da Estrategia De Saude Da Familia,223565,EAC8E42A366DF13D
3991954,Brumadinho,Tecnico De Enfermagem Da Estrategia De Saude Da Familia,322245,FBADABD24B5B4204
3991954,Brumadinho,Auxiliar Em Saude Bucal Da Estrategia De Saude Da Familia,322430,FA25EAF52CEBAB62
3991954,Brumadinho,Cirurgiaodentista Da Estrategia De Saude Da Familia,223293,4F292774677D6F67
3991954,Brumadinho,Medico Clinico,225125,60B7E49E7F41CD27
3991954,Brumadinho,Agente De Combate As Endemias,515140,BADCCA9952497BC7
3991954,Brumadinho,Enfermeiro Da Estrategia De Saude Da Familia,223565,72717CC7EE83C086
3991954,Brumadinho,Agente Comunitario De Saude,515105,2B5F8481C7CEDAF7
3991954,Brumadinho,Agente Comunitario De Saude,515105,9F904D0C9AF7AC6D
3991954,Brumadinho,Agente Comunitario De Saude,515105,B1F7503AB252F85A
3991954,Brumadinho,Agente Comunitario De Saude,515105,12F74EFE8DB1B455
3991954,Brumadinho,Agente Comunitario De Saude,515105,6AD390E015C1A601
3991954,Brumadinho,Medico Da Estrategia De Saude Da Familia,225142,607F4514E9D424A0
3991954,Brumadinho,Agente Comunitario De Saude,515105,44EB0C16D4085360
3991954,Brumadinho,Assistente Administrativo,411010,24EFC6E4D4B55D08
3991954,Brumadinho,Tecnico De Enfermagem Da Estrategia De Saude Da Familia,322245,215188CDBD636F74
3991954,Brumadinho,Faxineiro,514320,436D3AE4301A28ED
3991954,Brumadinho,Tecnico De Enfermagem Da Estrategia De Saude Da Familia,322245,2B548EE286BF4AEE
3991970,fora dos limites do municipio,Cirurgiaodentista Da Estrategia De Saude Da Familia,223293,0DB074113BC44A50
3991970,fora dos limites do municipio,Agente De Combate As Endemias,515140,E29362B91B6C97BC
3991970,fora dos limites do municipio,Tecnico De Enfermagem Da Estrategia De Saude Da Familia,322245,8FD78D8CD9135FEC
3991970,fora dos limites do municipio,Cirurgiaodentista Da Estrategia De Saude Da Familia,223293,76E902BCFA07501D
3991970,fora dos limites do municipio,Agente Comunitario De Saude,515105,BD36BB55E18599C3
3991970,fora dos limites do municipio,Agente Comunitario De Saude,515105,64302C46046CD386
3991970,fora dos limites do municipio,Agente Comunitario De Saude,515105,130815D6A05654AF
3991970,fora dos limites do municipio,Agente Comunitario De Saude,515105,3ED236C7FA961C49
3991970,fora dos limites do municipio,Agente Comunitario De Saude,515105,893716E5FC31A343
3991970,fora dos limites do municipio,Agente Comunitario De Saude,515105,BBC61A585285C7D1
3991970,fora dos limites do municipio,Tecnico De Enfermagem Da Estrategia De Saude Da Familia,322245,8575A9620B807478
3991970,fora dos limites do municipio,Enfermeiro Da Estrategia De Saude Da Familia,223565,6D7A38BE91996AE1
3991970,fora dos limites do municipio,Tecnico De Enfermagem Da Estrategia De Saude Da Familia,322245,0BA0A5C3F0B38AE9
3991970,fora dos limites do municipio,Agente Comunitario De Saude,515105,C6E9163A04FC1792
3991970,fora dos limites do municipio,Agente Comunitario De Saude,515105,7368BE8905B532E1
3991970,fora dos limites do municipio,Agente Comunitario De Saude,515105,664325CCACA215B5
3991970,fora dos limites do municipio,Auxiliar Em Saude Bucal Da Estrategia De Saude Da Familia,322430,11042E4B65AD6592
3991970,fora dos limites do municipio,Cirurgiaodentista Da Estrategia De Saude Da Familia,223293,535BE5A7B5E335AA
3991970,fora dos limites do municipio,Faxineiro,514320,18F7DAC966D3FC0F
3991970,fora dos limites do municipio,Assistente Administrativo,411010,2CC43F218602EEA5
4355911,Brumadinho,Tecnico De Enfermagem Da Estrategia De Saude Da Familia,322245,B902935DDF911B64
4355911,Brumadinho,Trabalhador De Servicos De Limpeza E Conservacao De Areas Publicas,514225,6FBA8CB94910F6E1
4355911,Brumadinho,Enfermeiro Da Estrategia De Saude Da Familia,223565,51BAF26A5A8B5F9D
4355911,Brumadinho,Agente Comunitario De Saude,515105,42453986D07839DC
4355911,Brumadinho,Agente Comunitario De Saude,515105,2AFB3CDC833E1A80
4355911,Brumadinho,Atendente De Farmacia  Balconista,521130,84122043AB31AAEA
4355911,Brumadinho,Faxineiro,514320,6BEAF412B9333ED2
4355911,Brumadinho,Medico Da Estrategia De Saude Da Familia,225142,B7E16CD311C4236F
4355911,Brumadinho,Auxiliar Em Saude Bucal Da Estrategia De Saude Da Familia,322430,46098BC9805841F7
4355911,Brumadinho,Agente Comunitario De Saude,515105,BA493DA824886D2A
4355911,Brumadinho,Agente Comunitario De Saude,515105,6E0D760B219B20C4
4355911,Brumadinho,Atendente De Farmacia  Balconista,521130,C131FF196B7007C2
4355911,Brumadinho,Cirurgiaodentista Da Estrategia De Saude Da Familia,223293,C2D1AE15E842DDD3
5678129,Piedade do Paraopeba,Cirurgiaodentista Da Estrategia De Saude Da Familia,223293,913CDD1AB1A23DAB
5678129,Piedade do Paraopeba,Auxiliar Em Saude Bucal Da Estrategia De Saude Da Familia,322430,1EC28688389D3193
5678129,Piedade do Paraopeba,Cirurgiaodentista Da Estrategia De Saude Da Familia,223293,83516BE96A731F9F
5678129,Piedade do Paraopeba,Enfermeiro Da Estrategia De Saude Da Familia,223565,FD47E2DFCA981399
5678129,Piedade do Paraopeba,Assistente Administrativo,411010,3030C1785CE0F6AF
5678129,Piedade do Paraopeba,Assistente Administrativo,411010,9D249861BCF9ED1E
5678129,Piedade do Paraopeba,Tecnico De Enfermagem Da Estrategia De Saude Da Familia,322245,E343383251806855
5678129,Piedade do Paraopeba,Agente Comunitario De Saude,515105,57FC7854719DE9D7
5678129,Piedade do Paraopeba,Tecnico De Enfermagem Da Estrategia De Saude Da Familia,322245,D909AFFD4674D407
5678129,Piedade do Paraopeba,Agente Comunitario De Saude,515105,90BE2DD35EAA6539
5678129,Piedade do Paraopeba,Tecnico De Enfermagem Da Estrategia De Saude Da Familia,322245,51073E3825D42A3F
5678129,Piedade do Paraopeba,Enfermeiro Da Estrategia De Saude Da Familia,223565,5B3BBB6E0829588E
5678129,Piedade do Paraopeba,Agente Comunitario De Saude,515105,5E7F56E530773899
5678129,Piedade do Paraopeba,Medico Da Estrategia De Saude Da Familia,225142,55205110EA708964
5678129,Piedade do Paraopeba,Faxineiro,514320,6021BFBF4EC40481
5678129,Piedade do Paraopeba,Trabalhador De Servicos De Limpeza E Conservacao De Areas Publicas,514225,30554A842E23EC4B
5678129,Piedade do Paraopeba,Assistente Administrativo,411010,9525DD63C66F0FAA
5678129,Piedade do Paraopeba,Tecnico De Enfermagem Da Estrategia De Saude Da Familia,322245,0672A739DEDB7379
5678129,Piedade do Paraopeba,Assistente Administrativo,411010,F3754236A9933B4E
5678129,Piedade do Paraopeba,Medico Da Estrategia De Saude Da Familia,225142,A0FCF3F7276261BC
5678129,Piedade do Paraopeba,Agente Comunitario De Saude,515105,AF338232A11E66D7
5678129,Piedade do Paraopeba,Trabalhador De Servicos De Limpeza E Conservacao De Areas Publicas,514225,FF0A520128926087
5678129,Piedade do Paraopeba,Agente Comunitario De Saude,515105,F27020D65C87F2F0
5678129,Piedade do Paraopeba,Auxiliar Em Saude Bucal Da Estrategia De Saude Da Familia,322430,C99C94D281809B7D
5678129,Piedade do Paraopeba,Agente Comunitario De Saude,515105,DEA6FD4A9466030C
5678129,Piedade do Paraopeba,Agente Comunitario De Saude,515105,9955D76FD84AA704
5678129,Piedade do Paraopeba,Agente Comunitario De Saude,515105,665A93FE44472215
5678129,Piedade do Paraopeba,Agente Comunitario De Saude,515105,BFE3ED0D8AAAD325
5678129,Piedade do Paraopeba,Auxiliar Em Saude Bucal Da Estrategia De Saude Da Familia,322430,848D25CC8C60EFD3
6317928,fora dos limites do municipio,Tecnico Em Saude Bucal Da Estrategia De Saude Da Familia,322425,6DF7E9451BEE3F03
6317928,fora dos limites do municipio,Agente Comunitario De Saude,515105,DE6C721386188775
6317928,fora dos limites do municipio,Agente Comunitario De Saude,515105,2475F81CD2277BB7
6317928,fora dos limites do municipio,Cirurgiaodentista Da Estrategia De Saude Da Familia,223293,1D83597C0C5C5C47
6317928,fora dos limites do municipio,Auxiliar Em Saude Bucal Da Estrategia De Saude Da Familia,322430,2783EE8AA5503EE2
6317928,fora dos limites do municipio,Agente Comunitario De Saude,515105,169496AD441E9042
6317928,fora dos limites do municipio,Tecnico De Enfermagem Da Estrategia De Saude Da Familia,322245,0571B70D23F86AFD
6317928,fora dos limites do municipio,Tecnico De Enfermagem Da Estrategia De Saude Da Familia,322245,01753C200938170B
6317928,fora dos limites do municipio,Tecnico De Enfermagem Da Estrategia De Saude Da Familia,322245,39AC0442CBF881F7
6317928,fora dos limites do municipio,Enfermeiro Da Estrategia De Saude Da Familia,223565,F4C0626C9F843737
6317928,fora dos limites do municipio,Medico Da Estrategia De Saude Da Familia,225142,78163F8BEC6A48E8
6317928,fora dos limites do municipio,Assistente Administrativo,411010,13FC50F7E0342D3D
6317928,fora dos limites do municipio,Trabalhador De Servicos De Limpeza E Conservacao De Areas Publicas,514225,79ED5B1F2883C11A
6317928,fora dos limites do municipio,Agente Comunitario De Saude,515105,BE50B4B3C44B21AE
6317928,fora dos limites do municipio,"Recepcionista, Em Geral",422105,5E1786636F266D4A
6317928,fora dos limites do municipio,Assistente Administrativo,411010,C9B20595AFF469EA
6317928,fora dos limites do municipio,Agente Comunitario De Saude,515105,14BCCB4BB0836D95
6317928,fora dos limites do municipio,Assistente Administrativo,411010,010A88364FF03F11
6317928,fora dos limites do municipio,Cirurgiaodentista Da Estrategia De Saude Da Familia,223293,C02B98F6E42915E2
6317928,fora dos limites do municipio,Medico Da Estrategia De Saude Da Familia,225142,6D3F89737DC7FD96
6317928,fora dos limites do municipio,Atendente De Farmacia  Balconista,521130,38CFB8321B21B925
6317928,fora dos limites do municipio,Trabalhador De Servicos De Limpeza E Conservacao De Areas Publicas,514225,6EA5A690DEE7690A
6317928,fora dos limites do municipio,Agente Comunitario De Saude,515105,47575438D2636F52
6317928,fora dos limites do municipio,Medico Da Estrategia De Saude Da Familia,225142,41B9F9086B052855
6317928,fora dos limites do municipio,Enfermeiro Da Estrategia De Saude Da Familia,223565,64B2A19D077C230B
6317936,Brumadinho,Auxiliar Em Saude Bucal Da Estrategia De Saude Da Familia,322430,B9917C50D2C6DEF8
6317936,Brumadinho,Cirurgiaodentista Da Estrategia De Saude Da Familia,223293,A620211843C6A221
6317936,Brumadinho,Agente Comunitario De Saude,515105,84E2A43CB37C64E5
6317936,Brumadinho,Enfermeiro Da Estrategia De Saude Da Familia,223565,E5997C1595F18EAD
6317936,Brumadinho,Agente Comunitario De Saude,515105,6DD4897B54119768
6317936,Brumadinho,Agente Comunitario De Saude,515105,8AEAE72AF919695E
6317936,Brumadinho,Medico Da Estrategia De Saude Da Familia,225142,601C263907B4D981
6317936,Brumadinho,Agente Comunitario De Saude,515105,B02BBEF997695159
6317936,Brumadinho,Tecnico De Enfermagem Da Estrategia De Saude Da Familia,322245,28749AC41C8154E5
6317936,Brumadinho,Tecnico De Enfermagem Da Estrategia De Saude Da Familia,322245,2812530204481B7B
6317936,Brumadinho,Assistente Administrativo,411010,6E3D425EEA3E34A1
6317936,Brumadinho,Medico Da Estrategia De Saude Da Familia,225142,5AB524E9263E9422
6317936,Brumadinho,Faxineiro,514320,48F2481A1203EEDD
6317936,Brumadinho,Assistente Administrativo,411010,0E9AFBB858F737D4
6317936,Brumadinho,Enfermeiro Da Estrategia De Saude Da Familia,223565,F87F4E2244B3ABEA
6317936,Brumadinho,Tecnico De Enfermagem Da Estrategia De Saude Da Familia,322245,B934FC4401F0A348
6974805,Conceição de Itaguá,Agente Comunitario De Saude,515105,1B007DD97E988110
6974805,Conceição de Itaguá,Agente Comunitario De Saude,515105,B7141B9F66E854E0
6974805,Conceição de Itaguá,Tecnico De Enfermagem Da Estrategia De Saude Da Familia,322245,C6FB4F0200C766EA
6974805,Conceição de Itaguá,Agente De Combate As Endemias,515140,84E2C367C9C0A342
6974805,Conceição de Itaguá,Medico Da Estrategia De Saude Da Familia,225142,B06998649E3EB31E
6974805,Conceição de Itaguá,Agente Comunitario De Saude,515105,42CA2C4ED560F329
6974805,Conceição de Itaguá,Agente Comunitario De Saude,515105,C4D26CBE1CC81051
6974805,Conceição de Itaguá,Enfermeiro Da Estrategia De Saude Da Familia,223565,7981446B508A4216
6974805,Conceição de Itaguá,Agente Comunitario De Saude,515105,21040D2953F93AED
6974805,Conceição de Itaguá,Assistente Administrativo,411010,06A5602E97EEE1AF
6974805,Conceição de Itaguá,Tecnico De Enfermagem Da Estrategia De Saude Da Familia,322245,88DC77165C1F7524
6974805,Conceição de Itaguá,Faxineiro,514320,A2274827C3AABDAB
6974805,Conceição de Itaguá,Assistente Administrativo,411010,62DE520EE78CC2FC
6974805,Conceição de Itaguá,Atendente De Farmacia  Balconista,521130,1DAAEEA85946D876
9838775,Brumadinho,Enfermeiro Da Estrategia De Saude Da Familia,223565,F1630E14B8994E76
9838775,Brumadinho,Medico Da Estrategia De Saude Da Familia,225142,B516CFF612F022D8
9838775,Brumadinho,Agente Comunitario De Saude,515105,D225C23D603C17BE
9838775,Brumadinho,Agente Comunitario De Saude,515105,8B12E1CEB148CB48
9838775,Brumadinho,Agente Comunitario De Saude,515105,36366E9FF09D8145
9838775,Brumadinho,Medico Da Estrategia De Saude Da Familia,225142,A3A3FA92306B3F4F
9838775,Brumadinho,Faxineiro,514320,D01785CFF5C9D67C
9838775,Brumadinho,Enfermeiro Da Estrategia De Saude Da Familia,223565,5852B901A51EDD33
9838775,Brumadinho,Assistente Administrativo,411010,26651C300EE16317
9838775,Brumadinho,Tecnico De Enfermagem Da Estrategia De Saude Da Familia,322245,EDFCA7B1B04059C4
9838775,Brumadinho,Faxineiro,514320,602C38BF63D5ED65
9838775,Brumadinho,Assistente Administrativo,411010,28A9927813CE16D2
9838775,Brumadinho,Tecnico De Enfermagem Da Estrategia De Saude Da Familia,322245,D7BC626700A7362B
9838775,Brumadinho,Enfermeiro Da Estrategia De Saude Da Familia,223565,F47024FDAA07D6B5
9838775,Brumadinho,Cirurgiaodentista Da Estrategia De Saude Da Familia,223293,709CD785CD32C4EB
9838775,Brumadinho,Tecnico De Enfermagem Da Estrategia De Saude Da Familia,322245,040B70611583CF40
9838775,Brumadinho,Agente Comunitario De Saude,515105,8CA741504D297585
9838775,Brumadinho,Agente Comunitario De Saude,515105,75BD675F0A01024A
9838775,Brumadinho,Auxiliar Em Saude Bucal Da Estrategia De Saude Da Familia,322430,23C747402A458993
