codigo_cnes,estabelecimento,distrito,distrito_atendido,tipo_equipe,NO_REFERENCIA,populacoes_assistidas,DT_ATIVACAO
2124254,UNIDADE DE SAUDE DA FAMILIA ARANHA,Aranha,Aranha,ESF - EQUIPE DE SAUDE DA FAMILIA,ARANHA,Geral,17/01/2008
2124203,UNIDADE DE SAUDE DA FAMILIA CENTRO,Brumadinho,Brumadinho,ESB - EQUIPE DE SAUDE BUCAL,CENTRO,Geral,01/05/2020
9838775,UNIDADE DE SAUDE DA FAMILIA CASA BRANCA II,Brumadinho,Brumadinho,ESB - EQUIPE DE SAUDE BUCAL,CASA BRANCA II,Geral,26/08/2025
5678129,UNIDADE DE SAUDE DA FAMILIA PALHANO,Piedade do Paraopeba,Piedade do Paraopeba,ESB - EQUIPE DE SAUDE BUCAL,SUZANA,Geral,01/09/2023
9838775,UNIDADE DE SAUDE DA FAMILIA CASA BRANCA II,Brumadinho,Brumadinho,EAP - EQUIPE DE ATENCAO PRIMARIA,CORREGO DO FEIJAO,Geral,01/09/2023
2124203,UNIDADE DE SAUDE DA FAMILIA CENTRO,Brumadinho,Brumadinho,EMULTI - EQUIPE MULTIPROFISSIONAL NA AT. PRIMARIA A SAUDE,EMULTI CENTRO,Geral,01/08/2008
2124327,UNIDADE DE SAUDE DA FAMILIA SANTA EFIGENIA,Brumadinho,Brumadinho,ESF - EQUIPE DE SAUDE DA FAMILIA,SANTA EFIGENIA,Geral,01/01/2001
2124254,UNIDADE DE SAUDE DA FAMILIA ARANHA,Aranha,Aranha,ESB - EQUIPE DE SAUDE BUCAL,ARANHA,Geral,01/05/2020
2124246,UNIDADE DE SAUDE DA FAMILIA CONCEICAO DE ITAGUA,Conceição de Itaguá,Conceição de Itaguá,ESB - EQUIPE DE SAUDE BUCAL,CONCEICAO DE ITAGUA,Geral,01/05/2020
2124289,COMPLEXO HOSPITALAR DE BRUMADINHO,Brumadinho,Brumadinho,EMAD I - EQUIPE MULTIPROFISSIONAL DE ATENCAO DOMICILIAR I,EMAD,Geral,01/01/2020
3991970,UNIDADE DE SAUDE DA FAMILIA PLANALTO,fora dos limites do municipio,fora dos limites do municipio,ESF - EQUIPE DE SAUDE DA FAMILIA,PLANALTO,"Geral, População em situação de rua",01/08/2006
2124270,UNIDADE DE SAUDE DA FAMILIA PIEDADE DO PARAOPEBA,Piedade do Paraopeba,Piedade do Paraopeba,ESB - EQUIPE DE SAUDE BUCAL,PIEDADE DO PARAOPEBA,Geral,01/05/2020
2124246,UNIDADE DE SAUDE DA FAMILIA CONCEICAO DE ITAGUA,Conceição de Itaguá,Conceição de Itaguá,ESF - EQUIPE DE SAUDE DA FAMILIA,CONCEICAO DE ITAGUA,Geral,01/01/2001
2124262,UNIDADE DE SAUDE DA FAMILIA CASA BRANCA,Brumadinho,Brumadinho,ESB - EQUIPE DE SAUDE BUCAL,CASA BRANCA,Geral,01/05/2020
2124300,AME AMBULATORIO MEDICO DE ESPECIALIDADES DE BRUMADINHO,Brumadinho,Brumadinho,EMAESM - EQUIPE MULTIPROFISSIONAL AT. ESPEC. EM SAUDE MENTAL,EMAESM BRUMADINHO,Geral,01/04/2019
2124300,AME AMBULATORIO MEDICO DE ESPECIALIDADES DE BRUMADINHO,Brumadinho,Brumadinho,EMAESM - EQUIPE MULTIPROFISSIONAL AT. ESPEC. EM SAUDE MENTAL,EMAESM BRUMADINHO II,Geral,01/04/2019
2124300,AME AMBULATORIO MEDICO DE ESPECIALIDADES DE BRUMADINHO,Brumadinho,Brumadinho,EMAESM - EQUIPE MULTIPROFISSIONAL AT. ESPEC. EM SAUDE MENTAL,EMAESM BRUMADINHO III,Geral,01/04/2019
2124270,UNIDADE DE SAUDE DA FAMILIA PIEDADE DO PARAOPEBA,Piedade do Paraopeba,Piedade do Paraopeba,ESF - EQUIPE DE SAUDE DA FAMILIA,PIEDADE DO PARAOPEBA,Geral,01/01/2001
2124262,UNIDADE DE SAUDE DA FAMILIA CASA BRANCA,Brumadinho,Brumadinho,ESF - EQUIPE DE SAUDE DA FAMILIA,CASA BRANCA,Geral,01/01/2001
9838775,UNIDADE DE SAUDE DA FAMILIA CASA BRANCA II,Brumadinho,Brumadinho,ESF - EQUIPE DE SAUDE DA FAMILIA,CASA BRANCA II,Geral,04/07/2019
2124289,COMPLEXO HOSPITALAR DE BRUMADINHO,Brumadinho,Brumadinho,EMAP - EQUIPE MULTIDISCIPLINAR DE APOIO,EMAP,Geral,20/10/2021
2124203,UNIDADE DE SAUDE DA FAMILIA CENTRO,Brumadinho,Brumadinho,ESF - EQUIPE DE SAUDE DA FAMILIA,CENTRO,Geral,01/01/1997
3991954,UNIDADE DE SAUDE DA FAMILIA GRAJAU,Brumadinho,Brumadinho,ESF - EQUIPE DE SAUDE DA FAMILIA,GRAJAU,Geral,01/08/2006
2124211,UNIDADE DE SAUDE DA FAMILIA JOTA,Brumadinho,Brumadinho,ESF - EQUIPE DE SAUDE DA FAMILIA,JOTA,Geral,05/05/1999
2124270,UNIDADE DE SAUDE DA FAMILIA PIEDADE DO PARAOPEBA,Piedade do Paraopeba,Piedade do Paraopeba,EAP - EQUIPE DE ATENCAO PRIMARIA,PIEDADE DO PARAOPEBA II,Geral,17/04/2023
2124246,UNIDADE DE SAUDE DA FAMILIA CONCEICAO DE ITAGUA,Conceição de Itaguá,Conceição de Itaguá,EAP - EQUIPE DE ATENCAO PRIMARIA,RETIRO DO BRUMADO,Geral,17/04/2023
6317928,UNIDADE DE SAUDE DA FAMILIA MARINHOS,fora dos limites do municipio,fora dos limites do municipio,ESB - EQUIPE DE SAUDE BUCAL,MARINHOS,"Quilombola, Geral",01/05/2020
6317928,UNIDADE DE SAUDE DA FAMILIA MARINHOS,fora dos limites do municipio,fora dos limites do municipio,ESF - EQUIPE DE SAUDE DA FAMILIA,MARINHOS,"Quilombola, Geral",03/08/2009
2124238,UNIDADE DE SAUDE DA FAMILIA PROGRESSO,Conceição de Itaguá,Conceição de Itaguá,ESB - EQUIPE DE SAUDE BUCAL,PROGRESSO,Geral,22/02/2021
3991954,UNIDADE DE SAUDE DA FAMILIA GRAJAU,Brumadinho,Brumadinho,ESB - EQUIPE DE SAUDE BUCAL,GRAJAU,Geral,22/02/2021
5678129,UNIDADE DE SAUDE DA FAMILIA PALHANO,Piedade do Paraopeba,Piedade do Paraopeba,EAP - EQUIPE DE ATENCAO PRIMARIA,SUZANA,Geral,17/04/2023
3991970,UNIDADE DE SAUDE DA FAMILIA PLANALTO,fora dos limites do municipio,fora dos limites do municipio,ESB - EQUIPE DE SAUDE BUCAL,PLANALTO,Geral,01/09/2023
6317928,UNIDADE DE SAUDE DA FAMILIA MARINHOS,fora dos limites do municipio,São José do Paraopeba,EAP - EQUIPE DE ATENCAO PRIMARIA,SAO JOSE,"Quilombola, Geral",01/09/2023
2124254,UNIDADE DE SAUDE DA FAMILIA ARANHA,Aranha,Aranha,EMULTI - EQUIPE MULTIPROFISSIONAL NA AT. PRIMARIA A SAUDE,EMULTI ARANHA,Geral,01/07/2024
6317936,UNIDADE DE SAUDE DA FAMILIA TEJUCO,Brumadinho,Brumadinho,ESB - EQUIPE DE SAUDE BUCAL,TEJUCO,"Assentamento, Geral",01/05/2020
6317936,UNIDADE DE SAUDE DA FAMILIA TEJUCO,Brumadinho,Brumadinho,ESF - EQUIPE DE SAUDE DA FAMILIA,TEJUCO,"Assentamento, Geral",03/08/2009
6974805,UNIDADE DE SAUDE DA FAMILIA RESIDENCIAL BELA VISTA,Conceição de Itaguá,Conceição de Itaguá,ESF - EQUIPE DE SAUDE DA FAMILIA,RESIDENCIAL BELA VISTA,Geral,01/03/2012
2124211,UNIDADE DE SAUDE DA FAMILIA JOTA,Brumadinho,Brumadinho,ESB - EQUIPE DE SAUDE BUCAL,JOTA,Geral,01/05/2020
2124238,UNIDADE DE SAUDE DA FAMILIA PROGRESSO,Conceição de Itaguá,Conceição de Itaguá,ESF - EQUIPE DE SAUDE DA FAMILIA,PROGRESSO,Geral,01/01/2001
5678129,UNIDADE DE SAUDE DA FAMILIA PALHANO,Piedade do Paraopeba,Piedade do Paraopeba,ESF - EQUIPE DE SAUDE DA FAMILIA,PALHANO,Geral,01/02/2008
5678129,UNIDADE DE SAUDE DA FAMILIA PALHANO,Piedade do Paraopeba,Piedade do Paraopeba,ESB - EQUIPE DE SAUDE BUCAL,PALHANO,Geral,01/05/2020
2124203,UNIDADE DE SAUDE DA FAMILIA CENTRO,Brumadinho,Brumadinho,EAP - EQUIPE DE ATENCAO PRIMARIA,SAO CONRADO,Geral,01/10/2025
4355911,UNIDADE DE SAUDE DA FAMILIA PARQUE DA CACHOEIRA,Brumadinho,Brumadinho,ESF - EQUIPE DE SAUDE DA FAMILIA,PARQUE DA CACHOEIRA,Geral,01/10/2023
4355911,UNIDADE DE SAUDE DA FAMILIA PARQUE DA CACHOEIRA,Brumadinho,Brumadinho,ESB - EQUIPE DE SAUDE BUCAL,PARQUE DA CACHOEIRA,Geral,01/10/2023
