codigo_cnes,nome_fantasia,nome_razao_social,codigo_tipo_unidade,bairro_estabelecimento,endereco_estabelecimento,numero_telefone_estabelecimento,descricao_turno_atendimento,descricao_esfera_administrativa,estabelecimento_faz_atendimento_ambulatorial_sus,estabelecimento_possui_atendimento_hospitalar,latitude_estabelecimento_decimo_grau,longitude_estabelecimento_decimo_grau,descricao_tipo_unidade,distrito
9913459,GRUPO LIVE MED,SERMEP SERVICOS MEDICOS S A,60,CENTRO,RUA PRESIDENTE VARGAS,31-36435316,,MUNICIPAL,NAO,,-20.1454882,-44.200745,COOPERATIVA OU EMPRESA DE CESSAO DE TRABALHADORES NA SAUDE,Brumadinho
8044171,ESPACO GABRIELA RIOS,GABRIELA RIOS SERVICOS FONOAUDIOLOGICOS,22,LOURDES,LISIO PACIFICO HOMEM DE ANDRADE,,ATENDIMENTOS NOS TURNOS DA MANHA E A TARDE,MUNICIPAL,NAO,0.0,-20.144178,-44.200191,CONSULTORIO ISOLADO,Brumadinho
8056161,KATRINE ARRUDA CARNEIRO PSICOLOGIA,KATRINE ARRUDA CARNEIRO PSICOLOGIA,22,CENTRO,RUA PRESIDENTE VARGAS,,ATENDIMENTOS NOS TURNOS DA MANHA E A TARDE,MUNICIPAL,NAO,0.0,-20.1422873,-44.2010623,CONSULTORIO ISOLADO,Brumadinho
9806644,LABORATORIO JOAO PAULO BRUMADINHO,LABORATORIO JOAO PAULO DE ANALISES CLINICAS LTDA EPP,39,CENTRO,RUA DR VOCTOR DE FREITAS,35322264,ATENDIMENTOS NOS TURNOS DA MANHA E A TARDE,MUNICIPAL,NAO,0.0,-20.142459134042006,-44.200379848480225,UNIDADE DE APOIO DIAGNOSE E TERAPIA (SADT ISOLADO),Brumadinho
9838775,UNIDADE DE SAUDE DA FAMILIA CASA BRANCA II,MUNICIPIO DE BRUMADINHO,2,CASA BRANCA,RUA UM,,ATENDIMENTOS NOS TURNOS DA MANHA E A TARDE,MUNICIPAL,SIM,0.0,-20.1606575,-44.1705239,CENTRO DE SAUDE/UNIDADE BASICA,Brumadinho
9971009,OBJETIVO SAUDE,OBJETIVO SAUDE LTDA,22,CENTRO,RUA QUINTINO BOCAIUVA,,ATENDIMENTOS NOS TURNOS DA MANHA E A TARDE,MUNICIPAL,NAO,0.0,-20.141378,-44.2067259,CONSULTORIO ISOLADO,Brumadinho
5848784,AUGE CENTRO DE INFUSOES E ATENDIMENTO MEDICO LTDA,AUGE CENTRO DE INFUSOES E ATENDIMENTO MEDICO LTDA,22,CENTRO,BARAO DO RIO BRANCO,31 25511510,ATENDIMENTOS NOS TURNOS DA MANHA E A TARDE,MUNICIPAL,NAO,0.0,-20.1433762,-44.2028688,CONSULTORIO ISOLADO,Brumadinho
9624023,EXCELENCIA EM ODONTOLOGIA,ODONTOLOGIA RIVA E CAVALCANTI LTDA,22,CENTRO,RUA BARAO DO RIO BRANCO,,ATENDIMENTOS NOS TURNOS DA MANHA E A TARDE,MUNICIPAL,NAO,0.0,-20.1427245,-44.1999929,CONSULTORIO ISOLADO,Brumadinho
2124238,UNIDADE DE SAUDE DA FAMILIA PROGRESSO,PREFEITURA MUNICIPAL DE BRUMADINHO,2,PROGRESSO,RUA COLETORA,(31)35717023,ATENDIMENTOS NOS TURNOS DA MANHA E A TARDE,MUNICIPAL,SIM,0.0,-20.1414584,-44.2184642,CENTRO DE SAUDE/UNIDADE BASICA,Conceição de Itaguá
2124254,UNIDADE DE SAUDE DA FAMILIA ARANHA,PREFEITURA MUNICIPAL DE BRUMADINHO,2,ARANHA,PRACA PADRE AGOSTINHO,(31)35791026,ATENDIMENTOS NOS TURNOS DA MANHA E A TARDE,MUNICIPAL,SIM,0.0,-20.1967293,-44.1049382,CENTRO DE SAUDE/UNIDADE BASICA,Aranha
2124262,UNIDADE DE SAUDE DA FAMILIA CASA BRANCA,PREFEITURA MUNICIPAL DE BRUMADINHO,2,CASA BRANCA,RUA UM,(31)35753457,ATENDIMENTOS NOS TURNOS DA MANHA E A TARDE,MUNICIPAL,SIM,0.0,-20.1615885,-44.1997274,CENTRO DE SAUDE/UNIDADE BASICA,Brumadinho
2124270,UNIDADE DE SAUDE DA FAMILIA PIEDADE DO PARAOPEBA,PREFEITURA MUNICIPAL DE BRUMADINHO,2,PIEDADE DO PARAOPEBA,RUA DOS PASSOS,(31)35715086,"ATENDIMENTO CONTINUO DE 24 HORAS/DIA (PLANTAO:INCLUI SABADOS, DOMINGOS E FERIADOS)",MUNICIPAL,SIM,0.0,-20.1944321,-44.0580836,CENTRO DE SAUDE/UNIDADE BASICA,Piedade do Paraopeba
2124327,UNIDADE DE SAUDE DA FAMILIA SANTA EFIGENIA,PREFEITURA MUNICIPAL DE BRUMADINHO,2,SANTA EFIGENIA,RUA PRESIDENTE KENNEDY,(31)35714202,ATENDIMENTOS NOS TURNOS DA MANHA E A TARDE,MUNICIPAL,SIM,0.0,-20.1461216,-44.2156077,CENTRO DE SAUDE/UNIDADE BASICA,Brumadinho
3991970,UNIDADE DE SAUDE DA FAMILIA PLANALTO,PREFEITURA MUNICIPAL DE BRUMADINHO,2,PLANALTO,RUA RIO PARANAIBA,(31)35713620,ATENDIMENTOS NOS TURNOS DA MANHA E A TARDE,MUNICIPAL,SIM,0.0,-19.9508778,-44.0470464,CENTRO DE SAUDE/UNIDADE BASICA,fora dos limites do municipio
6317936,UNIDADE DE SAUDE DA FAMILIA TEJUCO,PREFEITURA MUNICIPAL DE BRUMADINHO,2,TEJUCO,RUA JOAO DOS SANTOS,35792121,ATENDIMENTOS NOS TURNOS DA MANHA E A TARDE,MUNICIPAL,SIM,0.0,-20.1179502,-44.1610358,CENTRO DE SAUDE/UNIDADE BASICA,Brumadinho
6974805,UNIDADE DE SAUDE DA FAMILIA RESIDENCIAL BELA VISTA,PREFEITURA MUNICIPAL DE BRUMADINHO,2,JOSE DE SALES BARBOS,RUA ANTONIO HENRIQUE,,ATENDIMENTOS NOS TURNOS DA MANHA E A TARDE,MUNICIPAL,SIM,0.0,-20.1501773,-44.2289665,CENTRO DE SAUDE/UNIDADE BASICA,Conceição de Itaguá
7246099,NUCLEO DE TELESSAUDE DE BRUMADINHO MG,PREFEITURA MUNICIPAL DE BRUMADINHO,75,JOTA,AVENIDA NOSSA SENHORA DO BELO RAMO,,ATENDIMENTOS NOS TURNOS DA MANHA E A TARDE,MUNICIPAL,NAO,0.0,-20.1584797,-44.1951622,TELESSAUDE,Brumadinho
8024324,CONSULTORIO ODONTOLOGICO LUCILENE DA CONCEICAO VIEIRA,LUCILENE DA CONCEICAO VIEIRA,22,CENTRO,RUA PRESIDENTE VARGAS,,ATENDIMENTOS NOS TURNOS DA MANHA E A TARDE,MUNICIPAL,NAO,0.0,-20.1422873,-44.2010623,CONSULTORIO ISOLADO,Brumadinho
8132607,LABORATORIO MUNICIPAL DE BRUMADINHO UNIDADE PRESIDENTE VAR,MUNICIPIO DE BRUMADINHO,39,ESTELA PASSOS,AVENIDA PRESIDENTE VARGAS,31991292312,ATENDIMENTOS NOS TURNOS DA MANHA E A TARDE,MUNICIPAL,SIM,,-20.1431507,-44.2059696,UNIDADE DE APOIO DIAGNOSE E TERAPIA (SADT ISOLADO),Brumadinho
642789,DIRECAO CLINICA,DIRECAO CLINICA LTDA,22,BELA VISTA,AVENIDA NOSSA SENHORA DO BELO RAMO,,ATENDIMENTOS NOS TURNOS DA MANHA E A TARDE,MUNICIPAL,NAO,0.0,-20.1471489,-44.1956087,CONSULTORIO ISOLADO,Brumadinho
8248494,PEMONT FARMA LTDA,PEMONT FARMA LTDA,43,CENTRO,PRACA PAULO ALVES MOREIRA,,"ATENDIMENTO NOS TURNOS DA MANHA, TARDE E NOITE",MUNICIPAL,NAO,,-20.1424726,-44.2003058,FARMACIA,Brumadinho
8268681,WILLIAMPERSONALNUTRI,WILLIAM J FERREIRA LTDA,75,SOL NASCENTE,RUA ALBERTO MACHADO RIBEIRO,,ATENDIMENTOS NOS TURNOS DA MANHA E A TARDE,MUNICIPAL,NAO,0.0,-20.1466426,-44.2196721,TELESSAUDE,Conceição de Itaguá
8289050,RK DERMATOLOGIA LTDA,RK DERMATOLOGIA LTDA,22,CENTRO,RUA BARAO DO RIO BRANCO,,ATENDIMENTOS NOS TURNOS DA MANHA E A TARDE,MUNICIPAL,NAO,0.0,-20.1423207,-44.1999102,CONSULTORIO ISOLADO,Brumadinho
8326487,DROGARIA ARAUJO FILIAL BRUMADINHO,DROGARIA ARAUJO S A,43,CENTRO,AVENIDA VIGILATO RODRIGUES BRAGA,31 37682650,"ATENDIMENTO NOS TURNOS DA MANHA, TARDE E NOITE",MUNICIPAL,NAO,,-20.1438591,-44.2043607,FARMACIA,Brumadinho
8389632,ECOPSI ESTERLINA FERREIRA COSTA,ECOPSI ESPACO DE CONEXAO PSICOLOGICA ESTERLINA FERREIRA COST,22,ESTELA PASSOS,RUA JOAO FERNANDES DO CARMO,,"ATENDIMENTO NOS TURNOS DA MANHA, TARDE E NOITE",MUNICIPAL,NAO,0.0,-20.144742,-44.2012207,CONSULTORIO ISOLADO,Brumadinho
8479828,GRUPO TEA EMPRESARIAL TELEMEDICINA ESPEC E AUTISMO,CENTRO DE TERAPIA INTEGRADA E EDUCACAO INTEGRAR LTDA,36,LOURDES,RUA LYSIO PACIFICO HOMEM DE ANDRADE,(11)20917881,ATENDIMENTOS NOS TURNOS DA MANHA E A TARDE,MUNICIPAL,NAO,0.0,-20.1458228,-44.2036784,CLINICA/CENTRO DE ESPECIALIDADE,Brumadinho
2124394,ARNON DE OLIVEIRA ELIAS,ARNON DE OLIVEIRA ELIAS,22,CENTRO,RUA QUINTINO BOCAIUVA,(31)35711202,ATENDIMENTOS NOS TURNOS DA MANHA E A TARDE,MUNICIPAL,NAO,0.0,-20.141512301771684,-44.203341007232666,CONSULTORIO ISOLADO,Brumadinho
3904075,VALERIA BORGES CERQUEIRA,VALERIA BORGES CERQUEIRA,22,CENTRO,RUA HEMATITA,,ATENDIMENTOS NOS TURNOS DA MANHA E A TARDE,MUNICIPAL,NAO,0.0,-20.143214581205307,-44.20227885246277,CONSULTORIO ISOLADO,Brumadinho
950483,DROGA MINAS BRUMADINHO,MMJ FARMACOS LTDA,43,PALHANO,AVENIDA NOSSA SENHORA DA CONCEICAO,,ATENDIMENTOS NOS TURNOS DA MANHA E A TARDE,MUNICIPAL,NAO,0.0,-20.1953757,-44.0164715,FARMACIA,Piedade do Paraopeba
789682,DESAFIO JOVEM PENIEL,DESAFIO JOVEM PENIEL,83,SUZANA,GORDURAS,31993945369,"ATENDIMENTO NOS TURNOS DA MANHA, TARDE E NOITE",MUNICIPAL,NAO,0.0,-20.2104697,-44.0033593,POLO DE PREVENCAO DE DOENCAS E AGRAVOS E PROMOCAO DA SAUDE,Piedade do Paraopeba
804649,LOGICA CENTRO DE IMAGEM,LOGICA EXAMES E DIAGNOSTICOS LTDA,39,CENTRO,AVENIDA VIGILATO RODRIGUES BRAGA,,ATENDIMENTOS NOS TURNOS DA MANHA E A TARDE,MUNICIPAL,NAO,0.0,-20.1442347,-44.2043656,UNIDADE DE APOIO DIAGNOSE E TERAPIA (SADT ISOLADO),Brumadinho
9639438,NUCLEO DE PRATICAS INTEGRATIVAS E COMPLEMENTARES,MUNICIPIO DE BRUMADINHO,2,JOTA,RUA JACI REZENDE TEIXEIRA,35713270,ATENDIMENTOS NOS TURNOS DA MANHA E A TARDE,MUNICIPAL,SIM,0.0,-20.144174,-44.2002,CENTRO DE SAUDE/UNIDADE BASICA,Brumadinho
931373,CLINICA SAUDE INTEGRADA,CLINICA MEDICA MARQUES OLIVEIRA LTDA,22,CENTRO,GOVERNADOR VALADARES,31 96776050,ATENDIMENTOS NOS TURNOS DA MANHA E A TARDE,MUNICIPAL,NAO,0.0,-20.1436915,-44.2031189,CONSULTORIO ISOLADO,Brumadinho
41793,CLINICA PASA BRUMADINHO,CLINICAS EXPRESSAS DO BRASIL S A,36,FAZENDA CAFE,RODOVIA MUNICIPAL AUGUSTO DINIZ MURTA,31 32430015,ATENDIMENTOS NOS TURNOS DA MANHA E A TARDE,MUNICIPAL,NAO,0.0,-20.136737762259703,-44.19841110706329,CLINICA/CENTRO DE ESPECIALIDADE,Brumadinho
49263,MAIS SAUDE BRUMADINHO,CLINICA MEDICA E ODONTOLOGICA LINHARES PARREIRAS LTDA,36,CENTRO,PRESIDENTE VARGAS,31 99667122,ATENDIMENTOS NOS TURNOS DA MANHA E A TARDE,MUNICIPAL,NAO,0.0,-20.1447823,-44.2038864,CLINICA/CENTRO DE ESPECIALIDADE,Brumadinho
73113,CENTRO ESPECIALIZADO EM REABILITACAO DE BRUMADINHO,MUNICIPIO DE BRUMADINHO,36,CENTRO,RUA JOAO FERNANDES,,ATENDIMENTOS NOS TURNOS DA MANHA E A TARDE,MUNICIPAL,SIM,0.0,-20.1447403,-44.1986366,CLINICA/CENTRO DE ESPECIALIDADE,Brumadinho
105449,HOSPITAL DE CAMPANHA COVID19 DE BRUMADINHO,MUNICIPIO DE BRUMADINHO,5,KM30,MG 040,,"ATENDIMENTO CONTINUO DE 24 HORAS/DIA (PLANTAO:INCLUI SABADOS, DOMINGOS E FERIADOS)",MUNICIPAL,SIM,1.0,-20.1355692873303,-44.202632904052734,HOSPITAL GERAL,Brumadinho
150088,FARMACIA DA POLICLINICA,MUNICIPIO DE BRUMADINHO,43,JOTA,AV NOSSA SENHORA DO BELO RAMO,3135713020,ATENDIMENTOS NOS TURNOS DA MANHA E A TARDE,MUNICIPAL,SIM,0.0,-20.1581496,-44.1951061,FARMACIA,Brumadinho
303704,ALL MED SAUDE,KLAIVER JUNKER JARDIM,22,SAO BENTO,RUA ISMAEL NETO,989359466,ATENDIMENTO SOMENTE PELA MANHA,MUNICIPAL,NAO,0.0,-20.15442498763325,-44.20143127441406,CONSULTORIO ISOLADO,Brumadinho
447234,CONSULTORIO MEDICO DR EDMAR TEIXEIRA DE CARVALHO,EDMAR TEIXEIRA DE CARVALHO,22,CENTRO,RUA PRESIDENTE VARGAS,,ATENDIMENTOS NOS TURNOS DA MANHA E A TARDE,MUNICIPAL,NAO,0.0,-20.152350166277017,-44.19874906539917,CONSULTORIO ISOLADO,Brumadinho
948489,LABORCLINICA,LABORCLINICA ANALISES E PESQUISAS CLINICAS LTDA,39,CENTRO,RUA PRESIDENTE VARGAS,,ATENDIMENTOS NOS TURNOS DA MANHA E A TARDE,MUNICIPAL,NAO,0.0,-20.1432337,-44.2012093,UNIDADE DE APOIO DIAGNOSE E TERAPIA (SADT ISOLADO),Brumadinho
2124386,ANTONIO CARLOS GODOY JUNIOR,ANTONIO CARLOS GODOY JUNIOR,22,CENTRO,RUA GOVERNADOR VALADARES,,ATENDIMENTOS NOS TURNOS DA MANHA E A TARDE,MUNICIPAL,NAO,0.0,-20.14364770259777,-44.203104972839355,CONSULTORIO ISOLADO,Brumadinho
2124203,UNIDADE DE SAUDE DA FAMILIA CENTRO,PREFEITURA MUNICIPAL DE BRUMADINHO,2,CENTRO,RUA BARAO DO RIO BRANCO,(31)35714522,ATENDIMENTOS NOS TURNOS DA MANHA E A TARDE,MUNICIPAL,SIM,0.0,-20.1433762,-44.202858,CENTRO DE SAUDE/UNIDADE BASICA,Brumadinho
2124211,UNIDADE DE SAUDE DA FAMILIA JOTA,PREFEITURA MUNICIPAL DE BRUMADINHO,2,PLANALTO,AVENIDA RIO PARANAIBA,35714230,ATENDIMENTOS NOS TURNOS DA MANHA E A TARDE,MUNICIPAL,SIM,0.0,-20.1503909,-44.2026334,CENTRO DE SAUDE/UNIDADE BASICA,Brumadinho
2124246,UNIDADE DE SAUDE DA FAMILIA CONCEICAO DE ITAGUA,PREFEITURA MUNICIPAL DE BRUMADINHO,2,CONCEICAO DE ITAGUA,RUA TEOTONIO PINTO BRANDAO,(31)35716047,ATENDIMENTOS NOS TURNOS DA MANHA E A TARDE,MUNICIPAL,SIM,0.0,-20.14940911012159,-44.23722267150879,CENTRO DE SAUDE/UNIDADE BASICA,Conceição de Itaguá
2124289,COMPLEXO HOSPITALAR DE BRUMADINHO,PREFEITURA MUNICIPAL DE BRUMADINHO,5,SANTA CRUZ,MG 040,(31)35713068,"ATENDIMENTO CONTINUO DE 24 HORAS/DIA (PLANTAO:INCLUI SABADOS, DOMINGOS E FERIADOS)",MUNICIPAL,SIM,1.0,-20.134058315416024,-44.19849157333374,HOSPITAL GERAL,Brumadinho
2124297,SAUDE MENTAL DE BRUMADINHO,PREFEITURA MUNICIPAL DE BRUMADINHO,70,SAO CONRADO,RUA CARLOS NOGUEIRA,(31)35713025,ATENDIMENTOS NOS TURNOS DA MANHA E A TARDE,MUNICIPAL,NAO,0.0,-20.13677805434282,-44.20445680618286,CENTRO DE ATENCAO PSICOSSOCIAL,Brumadinho
2124300,AME AMBULATORIO MEDICO DE ESPECIALIDADES DE BRUMADINHO,PREFEITURA MUNICIPAL DE BRUMADINHO,4,SANTA CRUZ,MG040,(31)35712318,ATENDIMENTOS NOS TURNOS DA MANHA E A TARDE,MUNICIPAL,SIM,0.0,-20.143611,-44.2,POLICLINICA,Brumadinho
2124319,VIGILANCIA SANITARIA MUNICIPAL DE BRUMADINHO,PREFEITURA MUNICIPAL DE BRUMADINHO,50,SILVA PRADO,RUA REYNALDO PINTO VIEIRA,(31)35713020,ATENDIMENTOS NOS TURNOS DA MANHA E A TARDE,MUNICIPAL,SIM,,-20.1454695,-44.2015497,UNIDADE DE VIGILANCIA EM SAUDE,Brumadinho
2124335,FREDERICO CARRARA CAMPOS,FREDERICO CARRARA CAMPOS,22,CENTRO,RUA PRESIDENTE VARGAS,(31)35717242,ATENDIMENTOS NOS TURNOS DA MANHA E A TARDE,MUNICIPAL,NAO,0.0,-20.143023201602805,-44.20119524002075,CONSULTORIO ISOLADO,Brumadinho
2124343,CONSULTORIO ODONTOLOGICO CASSIA DO ESPIRITO SANTO PEREIRA,CASSIA DO ESPIRITO SANTO PEREIRA,22,CENTRO,RUA PRESIDENTE VARGAS,(31)35713910,ATENDIMENTOS NOS TURNOS DA MANHA E A TARDE,MUNICIPAL,NAO,0.0,-20.14453408681979,-44.201130867004395,CONSULTORIO ISOLADO,Brumadinho
2124351,ELAINE CRISTINA DE CASTRO,ELAINE CRISTINA DE CASTRO,22,CENTRO,RUA VICTOR DE FREITAS,(31)35712563,ATENDIMENTOS NOS TURNOS DA MANHA E A TARDE,MUNICIPAL,NAO,0.0,-20.142559860541535,-44.19907093048096,CONSULTORIO ISOLADO,Brumadinho
2124378,ROZALIA MARIA RODRIGUES PEREIRA,ROZALIA MARIA RODRIGUES PEREIRA,22,CENTRO,RUA QUINTINO BOCAIUVA,( 31 )35712101,ATENDIMENTOS NOS TURNOS DA MANHA E A TARDE,MUNICIPAL,NAO,0.0,-20.14165331970757,-44.20231103897095,CONSULTORIO ISOLADO,Brumadinho
2124408,CLINICA ODONTOLOGICA LUIS HENRIQUE,CLINICA ODONTOLOGICA LUIS HENRIQUE LTDA ME,22,CENTRO,PRESIDENTE VARGAS,31 35711177,ATENDIMENTOS NOS TURNOS DA MANHA E A TARDE,MUNICIPAL,NAO,0.0,-20.14310378251665,-44.201141595840454,CONSULTORIO ISOLADO,Brumadinho
2124416,CONSULTORIO MEDICO ANTONIO OLAVO DA SILVA,ANTONIO OLAVO DA SILVA,22,CENTRO,RUA ARISTIDES PASSOS,35711899,ATENDIMENTOS NOS TURNOS DA MANHA E A TARDE,MUNICIPAL,NAO,0.0,-20.142892257529162,-44.200626611709595,CONSULTORIO ISOLADO,Brumadinho
2124424,CLINICA MEDICA REZENDE BHERING LTDA ME,CLINICA MEDICA REZENDE BHERING LTDA ME,22,CENTRO,JOAO FERNANDES DO CARMO,(31)35713050,ATENDIMENTOS NOS TURNOS DA MANHA E A TARDE,MUNICIPAL,NAO,0.0,-20.143808863739547,-44.1999077796936,CONSULTORIO ISOLADO,Brumadinho
2124432,EDUARDO SERGIO MONTEIRO DE MORAIS,EDUARDO SERGIO MONTEIRO DE MORAIS,22,CENTRO,RUA PRESIDENTE VARGAS,(31)35711249,ATENDIMENTOS NOS TURNOS DA MANHA E A TARDE,MUNICIPAL,NAO,0.0,-20.143526831632308,-44.201109409332275,CONSULTORIO ISOLADO,Brumadinho
2124440,RICARDO COSTA PEREIRA,RICARDO COSTA PEREIRA,22,CENTRO,RUA JOAO FERNANDES DO CARMO,(31)35713256,ATENDIMENTOS NOS TURNOS DA MANHA E A TARDE,MUNICIPAL,NAO,0.0,-20.143808863739547,-44.199886322021484,CONSULTORIO ISOLADO,Brumadinho
2181738,FARMACIA SAO GERALDO,FARMACIA E DROGARIA SAO GERALDO LTDA MATRIZ,43,CENTRO,RUA GOVERNADOR VALADARES,(31)35711597,"ATENDIMENTO NOS TURNOS DA MANHA, TARDE E NOITE",MUNICIPAL,NAO,0.0,-20.142660586976117,-44.20280456542969,FARMACIA,Brumadinho
2181746,DROGARIA SAO GERALDO DE BRUMADINHO,DROGARIA SAO GERALDO DE BRUMADINHO LTDA,43,CENTRO,RUA PRESIDENTE VARGAS,(31)35711658,"ATENDIMENTO NOS TURNOS DA MANHA, TARDE E NOITE",MUNICIPAL,NAO,0.0,-20.142741168077016,-44.202847480773926,FARMACIA,Brumadinho
2181754,DROGARIA BRUMADINHO,DROGARIA CASTRO DE MACEDO LTDA,43,CENTRO,RUA PRESIDENTE VARGAS,(31)35713085,"ATENDIMENTO NOS TURNOS DA MANHA, TARDE E NOITE",MUNICIPAL,NAO,0.0,-20.14249942464961,-44.20123815536499,FARMACIA,Brumadinho
2181762,FARMCENTER,FARMCENTER LTDA,43,CENTRO,RUA QUINTINO BOCAIUVA,(31)35711755,"ATENDIMENTO NOS TURNOS DA MANHA, TARDE E NOITE",MUNICIPAL,NAO,0.0,-20.1415451,-44.2030048,FARMACIA,Brumadinho
2840774,CONSULTORIO DRA BRISSA SOUZA,CONSULTORIO CARDIOLOGICO BRISSA SOUZA LTDA,22,SILVA PRADPO,REYNALDO PINTO VIEIRA,,ATENDIMENTOS NOS TURNOS DA MANHA E A TARDE,MUNICIPAL,NAO,0.0,-20.1498171,-44.2029295,CONSULTORIO ISOLADO,Brumadinho
2936976,NUCLEO DE NEURODESENVOLVIMENTO INFANTIL DE BRUMADINHO,PREFEITURA MUNICIPAL DE BRUMADINHO,36,CENTRO,RUA LISIO PACIFICO HOMEM DE ANDRADE,,ATENDIMENTOS NOS TURNOS DA MANHA E A TARDE,MUNICIPAL,SIM,0.0,-20.1444039,-44.2015777,CLINICA/CENTRO DE ESPECIALIDADE,Brumadinho
3100502,CLISIL ODONTOLOGICA,CLISIL ODONTOLOGICA LTDA,22,CENTRO,RUA QUINTINO BOCAIUVA,(31)35713073,ATENDIMENTOS NOS TURNOS DA MANHA E A TARDE,MUNICIPAL,NAO,0.0,-20.141592883464916,-44.20271873474121,CONSULTORIO ISOLADO,Brumadinho
3100510,BRUMED ASSISTENCIA MEDICA,BRUMED ASSISTENCIA MEDICA LTDA,36,CENTRO,RUA JOAO FERNANDES DO CARMO,(31)35713256,ATENDIMENTOS NOS TURNOS DA MANHA E A TARDE,MUNICIPAL,NAO,0.0,-20.1436903,-44.2023091,CLINICA/CENTRO DE ESPECIALIDADE,Brumadinho
3553310,CONSULTORIO MEDICO DRA MARINA DINIZ ROMANO,MARINA DINIZ BARBOSA ROMANO,22,CENTRO,RUA BARAO DO RIO BRANCO,(31)35712969,ATENDIMENTOS NOS TURNOS DA MANHA E A TARDE,MUNICIPAL,NAO,0.0,-20.14276131334575,-44.2000150680542,CONSULTORIO ISOLADO,Brumadinho
3575454,NUCLEO CITOPATOLOGICO DE ANALISES CLINICAS,NUCLEO LABORATORIO EIRELI ME,39,SANTO ANTONIO,RUA REPUBLICA DA ARGENTINA,(31)35712406,ATENDIMENTOS NOS TURNOS DA MANHA E A TARDE,MUNICIPAL,NAO,0.0,-20.144174,-44.200187,UNIDADE DE APOIO DIAGNOSE E TERAPIA (SADT ISOLADO),Brumadinho
3837645,FISIOCLINICA,CLINICA FISIOTERAPICA MYRENIA CAMARGOS ME,39,CENTRO,RUA JOAO FERNANDES DO CARMO,(31)35712046,ATENDIMENTOS NOS TURNOS DA MANHA E A TARDE,MUNICIPAL,NAO,0.0,-20.14415133061372,-44.19971466064453,UNIDADE DE APOIO DIAGNOSE E TERAPIA (SADT ISOLADO),Brumadinho
3850951,FLAVIA CRISTINA CAMPOS,FLAVIA CRISTINA CAMPOS,22,CENTRO,RUA JOAO FERNANDES DO CARMO,,ATENDIMENTOS NOS TURNOS DA MANHA E A TARDE,MUNICIPAL,NAO,0.0,-20.143829008870576,-44.20005798339844,CONSULTORIO ISOLADO,Brumadinho
3852296,WENDEL TINOCO ESTEVES,WENDEL TINOCO ESTEVES,22,CENTRO,RUA DR VICTOR DE FREITAS,35712904,ATENDIMENTOS NOS TURNOS DA MANHA E A TARDE,MUNICIPAL,NAO,0.0,-20.1425079,-44.1994505,CONSULTORIO ISOLADO,Brumadinho
3866084,CENTRO DE ESPECIALIDADES ODONTOLOGICAS,CENTRO DE ESPECIALIDADES ODONTOLOGICAS,36,JOTA POLICLINICA,AVENIDA NOSSA SENHORA DO BELO RAMO,35713020,ATENDIMENTOS NOS TURNOS DA MANHA E A TARDE,MUNICIPAL,SIM,0.0,-20.1584797,-44.1951622,CLINICA/CENTRO DE ESPECIALIDADE,Brumadinho
3927199,GEISEANE RIBEIRO MACIEL,GEISEANE RIBEIRO MACIEL,22,CENTRO,RUA JOAO FERNANDES DO CARMO,,ATENDIMENTOS NOS TURNOS DA MANHA E A TARDE,MUNICIPAL,NAO,0.0,-20.144252056022037,-44.19947862625122,CONSULTORIO ISOLADO,Brumadinho
3991954,UNIDADE DE SAUDE DA FAMILIA GRAJAU,PREFEITURA MUNICIPAL DE BRUMADINHO,2,PROGRESSO,RUA COLETORA,(31)35712090,ATENDIMENTOS NOS TURNOS DA MANHA E A TARDE,MUNICIPAL,SIM,0.0,-20.141291,-44.215754,CENTRO DE SAUDE/UNIDADE BASICA,Brumadinho
3993884,LABORATORIO DE ANALISES CLINICAS HOSPITALAR,PREFEITURA MUNICIPAL DE BRUMADINHO,39,SANTA CRUZ,MG 040 KM 50,(31)35713020,"ATENDIMENTO CONTINUO DE 24 HORAS/DIA (PLANTAO:INCLUI SABADOS, DOMINGOS E FERIADOS)",MUNICIPAL,SIM,0.0,-20.109583,-44.208183,UNIDADE DE APOIO DIAGNOSE E TERAPIA (SADT ISOLADO),Brumadinho
4134540,ORALDENTS,CLINICA ODONTOLOGICA ORALDENTS BRUMADINHO LTDA,22,SANTO ANTONIO,RUA PADRE EUSTAQUIO,31991523536,ATENDIMENTOS NOS TURNOS DA MANHA E A TARDE,MUNICIPAL,NAO,0.0,-20.1401043,-44.2008199,CONSULTORIO ISOLADO,Brumadinho
4236246,USG DIAGNOSTICO POR IMAGEM E DERMATOLOGIA ESTETICA,USG DIAGNOSTICO POR IMAGEM LTDA,22,CONDOMINIO ASAVILLE,RUA 4,31996334839,ATENDIMENTOS NOS TURNOS DA MANHA E A TARDE,MUNICIPAL,NAO,0.0,-20.1954436,-44.1028038,CONSULTORIO ISOLADO,Aranha
4331354,USA BRUMADINHO,CONSORCIO INTERMUNICIPAL DE SAUDE DA REGIAO OESTE PARA GEREN,42,SANTA CRUZ,ROD MG 040 S N KM 48,3736903200,"ATENDIMENTO NOS TURNOS DA MANHA, TARDE E NOITE",ESTADUAL,NAO,,-20.143,-44.2,UNIDADE MOVEL DE NIVEL PRE-HOSPITALAR NA AREA DE URGENCIA,Brumadinho
4331362,USB BRUMADINHO,CONSORCIO INTERMUNICIPAL DE SAUDE DA REGIAO OESTE PARA GEREN,42,SANTA CRUZ,ROD MG 040,3736903200,"ATENDIMENTO NOS TURNOS DA MANHA, TARDE E NOITE",ESTADUAL,NAO,,-20.143,-44.2,UNIDADE MOVEL DE NIVEL PRE-HOSPITALAR NA AREA DE URGENCIA,Brumadinho
4355911,UNIDADE DE SAUDE DA FAMILIA PARQUE DA CACHOEIRA,MUNICIPIO DE BRUMADINHO,2,PARQUE DA CACHOEIRA,RUA FRANCISCO JOSE DINIZ,,ATENDIMENTOS NOS TURNOS DA MANHA E A TARDE,MUNICIPAL,SIM,0.0,-20.143,-44.21,CENTRO DE SAUDE/UNIDADE BASICA,Brumadinho
4428323,MAXI VACINA LTDA,MAXI VACINA LTDA,85,JOTA,RIO PARAOPEBA,31 33791924,ATENDIMENTOS NOS TURNOS DA MANHA E A TARDE,MUNICIPAL,NAO,0.0,-20.14514850929453,-44.19992923736572,CENTRO DE IMUNIZACAO,Brumadinho
4471466,UNIDADE DE SAUDE MINA JANGADA,VALE S A,36,ALBERTO FLORES,FAZENDA CORREGO DO FEIJAO,,ATENDIMENTOS NOS TURNOS DA MANHA E A TARDE,MUNICIPAL,NAO,0.0,-20.1368019,-44.1099623,CLINICA/CENTRO DE ESPECIALIDADE,Brumadinho
4471474,POSTURE FISIOTERAPIA PILATES,CLINICA FISIOTERAPEUTICA POSTURE LTDA,36,CARMO,RUA ALFREDO AMORIM,31991515998,ATENDIMENTOS NOS TURNOS DA MANHA E A TARDE,MUNICIPAL,NAO,0.0,-20.1459516,-44.2053627,CLINICA/CENTRO DE ESPECIALIDADE,Brumadinho
4492153,IMUNIZACAO BRUMADINHO,MUNICIPIO DE BRUMADINHO,2,JOTA,AVENIDA NOSSA SENHORA DO BELO RAMO,,ATENDIMENTOS NOS TURNOS DA MANHA E A TARDE,MUNICIPAL,NAO,0.0,-20.14523916158617,-44.19767618179321,CENTRO DE SAUDE/UNIDADE BASICA,Brumadinho
4639154,ESPACO CUIDAR SR SARAH E RODRIGO,ESPACO CUIDAR SR LTDA,36,JOTA,RUA RIO PARAOPEBA,,ATENDIMENTOS NOS TURNOS DA MANHA E A TARDE,MUNICIPAL,NAO,0.0,-20.1451704,-44.2025237,CLINICA/CENTRO DE ESPECIALIDADE,Brumadinho
4682564,MEDCON SERVICOS MEDICOS LTDA,MEDCON SERVICOS MEDICOS LTDA,40,CENTRO,RUA PRESIDENTE VARGAS,31992285918,ATENDIMENTOS NOS TURNOS DA MANHA E A TARDE,MUNICIPAL,NAO,0.0,-20.1517312,-44.201008,UNIDADE MOVEL TERRESTRE,Brumadinho
4779967,LIGHT2LIFE,LUZ PARA A VIDA,40,SILVA PRDO,RUA REYNALDO PINTO VIEIRA,,ATENDIMENTOS NOS TURNOS DA MANHA E A TARDE,MUNICIPAL,SIM,0.0,-20.148789,-44.2025899,UNIDADE MOVEL TERRESTRE,Brumadinho
4808738,CES,CENTRO ESPECIALIZADO EM SAUDE LTDA,36,SAO SEBASTIAO,RUA BELO HORIZONTE,,ATENDIMENTOS NOS TURNOS DA MANHA E A TARDE,MUNICIPAL,NAO,0.0,-20.1463367,-44.2058895,CLINICA/CENTRO DE ESPECIALIDADE,Brumadinho
4936299,CECO ALEGRIA DE CONVIVER,MUNICIPIO DE BRUMADINHO,83,SAO CONRADO,RUA CARLOS NOGUEIRA,,ATENDIMENTOS NOS TURNOS DA MANHA E A TARDE,MUNICIPAL,NAO,,-20.137926374343678,-44.20567989349365,POLO DE PREVENCAO DE DOENCAS E AGRAVOS E PROMOCAO DA SAUDE,Brumadinho
4979117,CLINICA REESTRUTURAR,REESTRUTURAR CLINICA E SERVICOS LTDA,36,CORREGO FERREIRA,AVENIDA NAIR MARTINS DRUMOND,,ATENDIMENTOS NOS TURNOS DA MANHA E A TARDE,MUNICIPAL,NAO,0.0,-20.1899697,-44.0013479,CLINICA/CENTRO DE ESPECIALIDADE,Piedade do Paraopeba
5314356,APAE BRUMADINHO,ASSOCIACAO DE PAIS E AMIGOS DOS EXCEPCIONAIS,36,PROGRESSO,RUA ITAGUA,(31)35712470,ATENDIMENTOS NOS TURNOS DA MANHA E A TARDE,MUNICIPAL,NAO,0.0,-20.14372828318944,-44.21344757080078,CLINICA/CENTRO DE ESPECIALIDADE,Brumadinho
5364167,CISMEP CEC BRUMADINHO,INSTITUICAO DE COOPERACAO INTERMUNICIPAL DO MEDIO PARAOPEBA,36,CENTRO,RUA BARAO DO RIO BRANCO,(31)35711666,ATENDIMENTOS NOS TURNOS DA MANHA E A TARDE,MUNICIPAL,SIM,0.0,-20.14282174913634,-44.20003652572632,CLINICA/CENTRO DE ESPECIALIDADE,Brumadinho
5489768,PREVENT OCUPACIONAL SAUDE E SEGURANCA DO TRABALHO,PREVENT OCUPACIONAL MEDICINA E SEGURANCA DO TRABALHO S S LTD,36,CENTRO,DOUTOR VICTOR DE FREITAS,31 988595841,ATENDIMENTOS NOS TURNOS DA MANHA E A TARDE,MUNICIPAL,NAO,0.0,-20.1425679,-44.200837,CLINICA/CENTRO DE ESPECIALIDADE,Brumadinho
5662222,ORTODONTIA CARRARA,CLINICA ORTODONTICA CARRARA LTDA,22,CENTRO,RUA ITAGUA,(31)35712090,ATENDIMENTOS NOS TURNOS DA MANHA E A TARDE,MUNICIPAL,NAO,0.0,-20.14235840747753,-44.20666694641113,CONSULTORIO ISOLADO,Brumadinho
5678129,UNIDADE DE SAUDE DA FAMILIA PALHANO,PREFEITURA MUNICIPAL DE BRUMADINHO,2,PALHANO,AVENIDA NOSSA SENHORA DA CONCEICAO,,ATENDIMENTOS NOS TURNOS DA MANHA E A TARDE,MUNICIPAL,SIM,0.0,-20.1944369,-44.0194587,CENTRO DE SAUDE/UNIDADE BASICA,Piedade do Paraopeba
5912695,GLENDA FIGUEIREDO REIS,GLENDA FIGUEIREDO REIS,22,CENTRO,RUA JOAO FERNANDES DO CARMO,,ATENDIMENTOS NOS TURNOS DA MANHA E A TARDE,MUNICIPAL,NAO,0.0,-20.144231910945575,-44.19952154159546,CONSULTORIO ISOLADO,Brumadinho
5912717,CINTIA FIGUEIREDO REIS,CINTIA FIGUEIREDO REIS,22,CENTRO,RUA JOAO FERNANDES DO CARMO,,ATENDIMENTOS NOS TURNOS DA MANHA E A TARDE,MUNICIPAL,NAO,0.0,-20.144090895337538,-44.19967174530029,CONSULTORIO ISOLADO,Brumadinho
5920787,QUALISAUDE,QUALISAUDE BRUMADINHO LTDA,36,CENTRO,RUA DR VICTOR DE FREITAS,35712904,ATENDIMENTOS NOS TURNOS DA MANHA E A TARDE,MUNICIPAL,SIM,0.0,-20.1425581,-44.2024407,CLINICA/CENTRO DE ESPECIALIDADE,Brumadinho
5976723,CHEP CENTRO HOLISTICO DE ESTUDOS PSIQUICOS,CHEP CENTRO HOLISTICO DE ESTUDOS PSIQUICOS LTDA,36,SILVA PRADO,RUA REYNALDO PINTO VIEIRA,,ATENDIMENTOS NOS TURNOS DA MANHA E A TARDE,MUNICIPAL,NAO,0.0,-20.14870405418128,-44.202589988708496,CLINICA/CENTRO DE ESPECIALIDADE,Brumadinho
6004229,VANIA GONZAGA DE BARROS BRUGNARA,VANIA GONZAGA DE BARROS BRUGNARA,22,CENTRO,RUA PRESIDENTE VARGAS,,ATENDIMENTOS NOS TURNOS DA MANHA E A TARDE,MUNICIPAL,NAO,0.0,-20.14258000583365,-44.20128107070923,CONSULTORIO ISOLADO,Brumadinho
6004245,ODONTO BRUG,CLINICA ODONTOLOGICA BRUGNARA LTDA,22,CENTRO,RUA PRESIDENTE VARGAS,,ATENDIMENTOS NOS TURNOS DA MANHA E A TARDE,MUNICIPAL,NAO,0.0,-20.1424636,-44.2061455,CONSULTORIO ISOLADO,Brumadinho
6317928,UNIDADE DE SAUDE DA FAMILIA MARINHOS,PREFEITURA MUNICIPAL DE BRUMADINHO,2,MARINHOS,RUA HUM,35472773,ATENDIMENTOS NOS TURNOS DA MANHA E A TARDE,MUNICIPAL,SIM,0.0,-20.0955764,-44.1341595,CENTRO DE SAUDE/UNIDADE BASICA,fora dos limites do municipio
6809405,SAUDE EM MOVIMENTO,CLINICA FISIO SAUDE EM MOVIMENTO LTDA,39,CENTRO,RUA DR VICTOR DE FREITAS,,ATENDIMENTOS NOS TURNOS DA MANHA E A TARDE,MUNICIPAL,NAO,0.0,-20.14258000583365,-44.19995069503784,UNIDADE DE APOIO DIAGNOSE E TERAPIA (SADT ISOLADO),Brumadinho
6826792,LEONARDO ALEXANDRE SILVA DE ASSIS,LEONARDO ALEXANDRE SILVA DE ASSIS,22,CENTRO,RUA JOAO FERNANDES DO CARMO,31-35713050,ATENDIMENTOS NOS TURNOS DA MANHA E A TARDE,MUNICIPAL,NAO,0.0,-20.14397002471504,-44.1995644569397,CONSULTORIO ISOLADO,Brumadinho
6859593,CLINICA ODONTOLOGICA DANIELLA FRICHE,DANIELLA FRICHE SALLES CLINICA ODONTOLOGICA ME,22,CENTRO,RUA QUINTINO BOCAIUVA,31-35712115,ATENDIMENTOS NOS TURNOS DA MANHA E A TARDE,MUNICIPAL,NAO,0.0,-20.14145186547448,-44.20342683792114,CONSULTORIO ISOLADO,Brumadinho
6993583,CONSULTORIO OFTALMOLOGICO E CLINICA MEDICA GIZELE HORTA DE O,GIZELI HORTA DE OLIVEIRA,22,JOTA,RUA RIO PARAOPEBA,,ATENDIMENTOS NOS TURNOS DA MANHA E A TARDE,MUNICIPAL,NAO,0.0,-20.143849153999007,-44.200358390808105,CONSULTORIO ISOLADO,Brumadinho
7034520,CONSULTORIO ODONTOLOGICO ANA MARINA MURTA MACIEL PASSOS,ANA MARINA MURTA MACIEL PASSOS,22,CENTRO,RUA QUINTINO BOCAIUVA,35711124,ATENDIMENTOS NOS TURNOS DA MANHA E A TARDE,MUNICIPAL,NAO,0.0,-20.14145186547448,-44.20321226119995,CONSULTORIO ISOLADO,Brumadinho
7076886,UPA UNIDADE DE PRONTO ATENDIMENTO DE BRUMADINHO,PREFEITURA MUNICIPAL DE BRUMADINHO,73,KM30,MG 040,,"ATENDIMENTO CONTINUO DE 24 HORAS/DIA (PLANTAO:INCLUI SABADOS, DOMINGOS E FERIADOS)",MUNICIPAL,SIM,0.0,-20.1335868,-44.2004536,PRONTO ATENDIMENTO,Brumadinho
7127375,MARIA CANDIDA VIANNA DA COSTA E SILVA,MARIA CANDIDA VIANNA DA COSTA E SILVA,22,SILVA PRADO,RUA REYNALDO PINTO VIEIRA,,ATENDIMENTOS NOS TURNOS DA MANHA E A TARDE,MUNICIPAL,NAO,0.0,-20.14725364337981,-44.202117919921875,CONSULTORIO ISOLADO,Brumadinho
7254296,CLIPSI BRUM,CLINICA DE PSICOLOGIA LIDIANA DE ASSUNCAO PEDRA,22,CENTRO,RUA PRESIDENTE VARGAS,92501295,ATENDIMENTOS NOS TURNOS DA MANHA E A TARDE,MUNICIPAL,NAO,0.0,-20.144775827098254,-44.20119524002075,CONSULTORIO ISOLADO,Brumadinho
7259476,FARMAIS,PENIDO MONTEIRO PRODUTOS FARMACEUTICOS LTDA EPP,43,CENTRO,AVENIDA VIGILATO BRAGA,35712400,"ATENDIMENTO NOS TURNOS DA MANHA, TARDE E NOITE",MUNICIPAL,NAO,0.0,-20.14388944424809,-44.20153856277466,FARMACIA,Brumadinho
7266723,LUSTOSA,DIAGNOSTICOS DA AMERICA S A,39,CENTRO,PRACA PAULO ALVES MOREIRA,,ATENDIMENTOS NOS TURNOS DA MANHA E A TARDE,MUNICIPAL,NAO,0.0,-20.1422587,-44.2029991,UNIDADE DE APOIO DIAGNOSE E TERAPIA (SADT ISOLADO),Brumadinho
7296797,CENTRO MEDICO DE BRUMADINHO LTDA,CENTRO MEDICO DE BRUMADINHO LTDA,22,CENTRO,RUA BARAO DO RIO BRANCO,31-35712969,ATENDIMENTOS NOS TURNOS DA MANHA E A TARDE,MUNICIPAL,NAO,0.0,-20.1433661,-44.2029222,CONSULTORIO ISOLADO,Brumadinho
7486146,ENDOVITA,VINHAL SERVICOS MEDICOS EIRELI ME,36,CENTRO,RUA PRESIDENTE VARGAS,,ATENDIMENTOS NOS TURNOS DA MANHA E A TARDE,MUNICIPAL,NAO,0.0,-20.142136808807045,-44.20104503631592,CLINICA/CENTRO DE ESPECIALIDADE,Brumadinho
7551770,MEDCORP SERVICOS MEDICOS LTDA,MEDCORP SERVICOS MEDICOS LTDA,36,JOTA,RUA RIO PARAOPEBA,,ATENDIMENTOS NOS TURNOS DA MANHA E A TARDE,MUNICIPAL,NAO,0.0,,,CLINICA/CENTRO DE ESPECIALIDADE,sem coordenada
7566050,SECRETARIA MUNICIPAL DE SAUDE DE BRUMADINHO,PREFEITURA MUNICIPAL DE BRUMADINHO,68,JOTA,AVENIDA NOSSA SENHORA DO BELO RAMO,,ATENDIMENTOS NOS TURNOS DA MANHA E A TARDE,MUNICIPAL,NAO,,,,CENTRAL DE GESTAO EM SAUDE,sem coordenada
7750935,CLINICA DE IMAGEM OCTAVIANO NEVES LTDA ME,CLINICA DE IMAGEM OCTAVIANO NEVES LTDA ME,22,CENTRO,RUA JOAO FERNANDES DO CARMO,,ATENDIMENTOS NOS TURNOS DA MANHA E A TARDE,MUNICIPAL,NAO,0.0,-20.14376857346969,-44.19980049133301,CONSULTORIO ISOLADO,Brumadinho
7791933,FISIO BELA FISIOTERAPIA,FISIO BELA FISIOTERAPIA CLINICA MEDICA LTDA ME,36,CENTRO,RUA JOAO FERNANDES DO CARMO,31-35712046,ATENDIMENTOS NOS TURNOS DA MANHA E A TARDE,MUNICIPAL,NAO,0.0,-20.143967,-44.200096,CLINICA/CENTRO DE ESPECIALIDADE,Brumadinho
7797281,ODONTOLIFE LABORATORIO DE PROTESE,CLAUDIA MONICA PEREIRA DA COSTA ME,39,PROGRESSO II,RUA HENRY KARAN,31-997185600,ATENDIMENTO COM TURNOS INTERMITENTES,MUNICIPAL,SIM,0.0,-20.141532447198884,-44.216365814208984,UNIDADE DE APOIO DIAGNOSE E TERAPIA (SADT ISOLADO),Conceição de Itaguá
7806191,CONSULTORIO MEDICO EM ANGIOLOGIA CLAUDIA MARIA PEIXOTO MELO,AUDIMED SC LTDA,22,CENTRO,RUA BARAO DO RIO BRANCO,31341505,ATENDIMENTOS NOS TURNOS DA MANHA E A TARDE,MUNICIPAL,NAO,0.0,-20.142982911130296,-44.199585914611816,CONSULTORIO ISOLADO,Brumadinho
7806329,CONSULTORIO MEDICO EM ORTOPEDIA RAFAEL ALVES RODRIGUES,RAFAEL ALVES RODRIGUES,22,CENTRO,RUA BARAO DO RIO BRANCO,35711505,ATENDIMENTOS NOS TURNOS DA MANHA E A TARDE,MUNICIPAL,NAO,0.0,-20.142836858080344,-44.20002043247223,CONSULTORIO ISOLADO,Brumadinho
7821646,CONSULTORIO DE PSICOLOGIA IZABELLA CHAVES,IZABELLA MARIA DE CARVALHO CHAVES,22,CENTRO,AVENIDA PRESIDENTE VARGAS,96022820,ATENDIMENTOS NOS TURNOS DA MANHA E A TARDE,MUNICIPAL,NAO,0.0,-20.143567121964516,-44.201109409332275,CONSULTORIO ISOLADO,Brumadinho
7821654,CONSULTORIO DE PSICOLOGIA JULIANA NEVES,JULIANA CARVALHO SILVEIRA NEVES,22,CENTRO,AVENIDA PRESIDENTE VARGAS,98452323,ATENDIMENTOS NOS TURNOS DA MANHA E A TARDE,MUNICIPAL,NAO,0.0,-20.14330523461939,-44.201109409332275,CONSULTORIO ISOLADO,Brumadinho
7833547,UNIDADE DE SAUDE DA FAMILIA SUZANA,MUNICIPIO DE BRUMADINHO,2,SUZANA,RUA JOSE,,ATENDIMENTOS NOS TURNOS DA MANHA E A TARDE,MUNICIPAL,SIM,0.0,,,CENTRO DE SAUDE/UNIDADE BASICA,sem coordenada
7857616,CONSULTORIO ODONTOLOGICO FLAVIA SOUZA FREITAS RIVA,FLAVIA SOUZA FREITAS RIVA,22,CENTRO,RUA GOVERNADOR VALADARES,,ATENDIMENTO COM TURNOS INTERMITENTES,MUNICIPAL,NAO,0.0,-20.14338581538773,-44.203040599823,CONSULTORIO ISOLADO,Brumadinho
7859317,RADIOBRUMA RADIOLOGIA ODONTOLOGICA,RADIOBRUMA RADIOLOGIA ODONTOLOGICA LTDA ME,22,CENTRO,PRACA PAULO ALVES MOREIRA,35711800,ATENDIMENTOS NOS TURNOS DA MANHA E A TARDE,MUNICIPAL,NAO,0.0,-20.1422658,-44.2004639,CONSULTORIO ISOLADO,Brumadinho
7862946,CONSULTORIO MEDICO EM DERMATOLOGIA JULIANA GARCIA CAMARINHA,JULIANA GARCIA CAMARINHA,22,CENTRO,RUA ARISTIDES PASSOS,31341505,ATENDIMENTO SOMENTE A TARDE,MUNICIPAL,NAO,0.0,-20.142942620647407,-44.19975757598877,CONSULTORIO ISOLADO,Brumadinho
7883463,LAR DOS IDOSOS PADRE VICENTE ASSUNCAO,LAR DOS IDOSOS PADRE VICENTE ASSUNCAO,22,CENTRO,RUA JOAO FERNANDES DO CARMO,35711001,"ATENDIMENTO CONTINUO DE 24 HORAS/DIA (PLANTAO:INCLUI SABADOS, DOMINGOS E FERIADOS)",MUNICIPAL,NAO,0.0,-20.144362853896176,-44.199151396751404,CONSULTORIO ISOLADO,Brumadinho
7963440,ODONTO CENTER CONSULTORIOS ODONTOLOGICOS,GISELLY LAS CASAS AMARAL FRICHE,22,SAO SEBASTIAO,RUA ITAGUA,,ATENDIMENTOS NOS TURNOS DA MANHA E A TARDE,MUNICIPAL,NAO,0.0,-20.1429161,-44.2111233,CONSULTORIO ISOLADO,Brumadinho
7963564,CONSULTORIO ODONTOLOGICO GLEICILAYNE LAS CASAS AMARAL,GLEICILAYNE LAS CASAS AMARAL,22,SAO SEBASTIAO,RUA ITAGUA,,ATENDIMENTOS NOS TURNOS DA MANHA E A TARDE,MUNICIPAL,NAO,0.0,-20.14235840747753,-44.207139015197754,CONSULTORIO ISOLADO,Brumadinho
7963580,CONSULTORIO ODONTOLOGICO GRASIELLY LAS CASAS AMARAL,GRASIELLY LAS CASAS AMARAL,22,SAO SEBASTIAO,RUA ITAGUA,,ATENDIMENTOS NOS TURNOS DA MANHA E A TARDE,MUNICIPAL,NAO,0.0,-20.142459134042006,-44.20705318450928,CONSULTORIO ISOLADO,Brumadinho
9071946,LABORATORIO DE ANALISES CLINICAS UPA,MUNICIPIO DE BRUMADINHO,39,SANTA CRUZ,BR MG 040 KM48,,"ATENDIMENTO CONTINUO DE 24 HORAS/DIA (PLANTAO:INCLUI SABADOS, DOMINGOS E FERIADOS)",MUNICIPAL,SIM,0.0,-20.125324611533014,-44.20018672943115,UNIDADE DE APOIO DIAGNOSE E TERAPIA (SADT ISOLADO),Brumadinho
9186069,CEO CENTRO DE EXCELENCIA EM OFTALMOLOGIA,MEDCORP SERVICOS MEDICOS LTDA,36,JOTA,RUA RIO PARAOPEBA,,ATENDIMENTOS NOS TURNOS DA MANHA E A TARDE,MUNICIPAL,NAO,0.0,-20.1472433,-44.1985984,CLINICA/CENTRO DE ESPECIALIDADE,Brumadinho
9207953,SECRETARIA MUNICIPAL DE SAUDE DE BRUMADINHO,MUNICIPIO DE BRUMADINHO,68,JOTA,AVENIDA NOSSSA SENHORA DO BELO RAMO,31-35713020,ATENDIMENTOS NOS TURNOS DA MANHA E A TARDE,MUNICIPAL,NAO,,-20.144948,-44.197953,CENTRAL DE GESTAO EM SAUDE,Brumadinho
9269436,CAPS INFANTOJUVENIL DE BRUMADINHO,MUNICIPIO DE BRUMADINHO,70,SAO CONRADO,RUA CARLOS NOGUEIRA,35713025,ATENDIMENTOS NOS TURNOS DA MANHA E A TARDE,MUNICIPAL,NAO,0.0,-20.1379414,-44.2058273,CENTRO DE ATENCAO PSICOSSOCIAL,Brumadinho
9326472,CONSULTORIO ODONTOLOGICO BRUNO EMERITO,BRUNO EMERITO CAMPOS MACIEL,22,CENTRO,RUA PRESIDENTE VARGAS,35714167,ATENDIMENTOS NOS TURNOS DA MANHA E A TARDE,MUNICIPAL,NAO,0.0,-20.14368799289881,-44.201152324676514,CONSULTORIO ISOLADO,Brumadinho
9340424,CARLETI OCUPACIONAL,CARLETI OCUPACIONAL CIA LTDA ME,39,CENTRO,RUA PRESIDENTE VARGAS,35712904,ATENDIMENTOS NOS TURNOS DA MANHA E A TARDE,MUNICIPAL,NAO,0.0,-20.1422873,-44.2010623,UNIDADE DE APOIO DIAGNOSE E TERAPIA (SADT ISOLADO),Brumadinho
9348816,CONSULTORIO MEDICO EM CARDIOLOGIA RENATA BRAGA PAULINO,RENATA FELICIO BRAGA PAULINO,22,CENTRO,RUA ARISTIDES PASSOS,,ATENDIMENTOS NOS TURNOS DA MANHA E A TARDE,MUNICIPAL,NAO,0.0,-20.14306349206493,-44.199349880218506,CONSULTORIO ISOLADO,Brumadinho
9356967,CONSULTORIO MEDICO EM PSIQUIATRIA BRUNO LUCIO DE OLIVEIRA,BRUNO LUCIO MARQUES BARBOSA DE OLIVEIRA,22,CENTRO,RUA BARAO DO RIO BRANCO,,ATENDIMENTOS NOS TURNOS DA MANHA E A TARDE,MUNICIPAL,NAO,0.0,-20.14276131334575,-44.1999077796936,CONSULTORIO ISOLADO,Brumadinho
9451226,ORAL IMAGENS,ALVES E LIMA CLINICA RADIOLOGICA LTDA,22,CENTRO,AVENIDA VIGILATO RODRIGUES BRAGA,998042657,ATENDIMENTOS NOS TURNOS DA MANHA E A TARDE,MUNICIPAL,NAO,0.0,-20.14306349206493,-44.20168876647949,CONSULTORIO ISOLADO,Brumadinho
9514856,CONSULTORIO MEDICO H A SAUDE,H A SAUDE EIRELI,22,CENTRO,RUA ARISTIDES PASSOS,35711899,ATENDIMENTOS NOS TURNOS DA MANHA E A TARDE,MUNICIPAL,NAO,0.0,-20.142904848310245,-44.200605154037476,CONSULTORIO ISOLADO,Brumadinho
9551832,CONSULTORIO ODONTOLOGICO LEONARDO MORAIS,LEONARDO CRUZ MORAIS,22,CENTRO,AVENIDA VIGILATO BRAGA,,ATENDIMENTOS NOS TURNOS DA MANHA E A TARDE,MUNICIPAL,NAO,0.0,-20.143526831632308,-44.201624393463135,CONSULTORIO ISOLADO,Brumadinho
9595597,DEPARTAMENTO REGULACAO AUDITORIA AVALIACAO E CONTROLE,MUNICIPIO DE BRUMADINHO,81,JOTA,AVENIDA NOSSA SENHORA DO BELO RAMO,,ATENDIMENTOS NOS TURNOS DA MANHA E A TARDE,MUNICIPAL,SIM,,-20.1581496,-44.1951061,CENTRAL DE REGULACAO DO ACESSO,Brumadinho
