Código IBGE,Nível Regional,Ano,Indicador,Sexo e Raça/Cor,Classe CNAE (5 dígitos),Valor,Grupo CNAE (3 dígitos),Divisão CNAE (2 dígitos),Seção CNAE (1 dígito)
310900,Município,2024,Número de Empregos,BrAm - Total,01113,1,011,01,A
310900,Município,2024,Número de Empregos,BrAm - Total,01211,2,012,01,A
310900,Município,2024,Número de Empregos,BrAm - Total,01512,30,015,01,A
310900,Município,2024,Número de Empregos,BrAm - Total,01521,13,015,01,A
310900,Município,2024,Número de Empregos,BrAm - Total,01547,5,015,01,A
310900,Município,2024,Número de Empregos,BrAm - Total,01555,3,015,01,A
310900,Município,2024,Número de Empregos,BrAm - Total,01610,13,016,01,A
310900,Município,2024,Número de Empregos,BrAm - Total,01628,4,016,01,A
310900,Município,2024,Número de Empregos,BrAm - Total,02306,9,023,02,A
310900,Município,2024,Número de Empregos,BrAm - Total,07103,951,071,07,B
310900,Município,2024,Número de Empregos,BrAm - Total,08100,9,081,08,B
310900,Município,2024,Número de Empregos,BrAm - Total,09904,57,099,09,B
310900,Município,2024,Número de Empregos,BrAm - Total,10121,50,101,10,C
310900,Município,2024,Número de Empregos,BrAm - Total,10139,1,101,10,C
310900,Município,2024,Número de Empregos,BrAm - Total,10538,4,105,10,C
310900,Município,2024,Número de Empregos,BrAm - Total,10643,1,106,10,C
310900,Município,2024,Número de Empregos,BrAm - Total,10911,18,109,10,C
310900,Município,2024,Número de Empregos,BrAm - Total,10945,4,109,10,C
310900,Município,2024,Número de Empregos,BrAm - Total,10953,1,109,10,C
310900,Município,2024,Número de Empregos,BrAm - Total,11135,1,111,11,C
310900,Município,2024,Número de Empregos,BrAm - Total,11216,33,112,11,C
310900,Município,2024,Número de Empregos,BrAm - Total,14126,4,141,14,C
310900,Município,2024,Número de Empregos,BrAm - Total,14134,21,141,14,C
310900,Município,2024,Número de Empregos,BrAm - Total,16226,3,162,16,C
310900,Município,2024,Número de Empregos,BrAm - Total,18300,1,183,18,C
310900,Município,2024,Número de Empregos,BrAm - Total,23303,7,233,23,C
310900,Município,2024,Número de Empregos,BrAm - Total,23915,4,239,23,C
310900,Município,2024,Número de Empregos,BrAm - Total,24512,9,245,24,C
310900,Município,2024,Número de Empregos,BrAm - Total,25128,2,251,25,C
310900,Município,2024,Número de Empregos,BrAm - Total,28402,1,284,28,C
310900,Município,2024,Número de Empregos,BrAm - Total,32507,1,325,32,C
310900,Município,2024,Número de Empregos,BrAm - Total,38114,2,381,38,E
310900,Município,2024,Número de Empregos,BrAm - Total,41107,2,411,41,F
310900,Município,2024,Número de Empregos,BrAm - Total,41204,64,412,41,F
310900,Município,2024,Número de Empregos,BrAm - Total,42111,170,421,42,F
310900,Município,2024,Número de Empregos,BrAm - Total,42120,29,421,42,F
310900,Município,2024,Número de Empregos,BrAm - Total,42138,2,421,42,F
310900,Município,2024,Número de Empregos,BrAm - Total,42995,18,429,42,F
310900,Município,2024,Número de Empregos,BrAm - Total,43291,7,432,43,F
310900,Município,2024,Número de Empregos,BrAm - Total,43304,13,433,43,F
310900,Município,2024,Número de Empregos,BrAm - Total,43991,53,439,43,F
310900,Município,2024,Número de Empregos,BrAm - Total,45111,2,451,45,G
310900,Município,2024,Número de Empregos,BrAm - Total,45200,3,452,45,G
310900,Município,2024,Número de Empregos,BrAm - Total,45307,13,453,45,G
310900,Município,2024,Número de Empregos,BrAm - Total,46354,1,463,46,G
310900,Município,2024,Número de Empregos,BrAm - Total,46371,3,463,46,G
310900,Município,2024,Número de Empregos,BrAm - Total,46494,2,464,46,G
310900,Município,2024,Número de Empregos,BrAm - Total,46711,2,467,46,G
310900,Município,2024,Número de Empregos,BrAm - Total,46893,13,468,46,G
310900,Município,2024,Número de Empregos,BrAm - Total,46915,15,469,46,G
310900,Município,2024,Número de Empregos,BrAm - Total,47113,84,471,47,G
310900,Município,2024,Número de Empregos,BrAm - Total,47121,16,471,47,G
310900,Município,2024,Número de Empregos,BrAm - Total,47130,5,471,47,G
310900,Município,2024,Número de Empregos,BrAm - Total,47211,16,472,47,G
310900,Município,2024,Número de Empregos,BrAm - Total,47229,10,472,47,G
310900,Município,2024,Número de Empregos,BrAm - Total,47237,2,472,47,G
310900,Município,2024,Número de Empregos,BrAm - Total,47245,2,472,47,G
310900,Município,2024,Número de Empregos,BrAm - Total,47296,3,472,47,G
310900,Município,2024,Número de Empregos,BrAm - Total,47318,11,473,47,G
310900,Município,2024,Número de Empregos,BrAm - Total,47415,2,474,47,G
310900,Município,2024,Número de Empregos,BrAm - Total,47431,5,474,47,G
310900,Município,2024,Número de Empregos,BrAm - Total,47440,53,474,47,G
310900,Município,2024,Número de Empregos,BrAm - Total,47512,2,475,47,G
310900,Município,2024,Número de Empregos,BrAm - Total,47539,5,475,47,G
310900,Município,2024,Número de Empregos,BrAm - Total,47547,20,475,47,G
310900,Município,2024,Número de Empregos,BrAm - Total,47555,15,475,47,G
310900,Município,2024,Número de Empregos,BrAm - Total,47610,4,476,47,G
310900,Município,2024,Número de Empregos,BrAm - Total,47717,46,477,47,G
310900,Município,2024,Número de Empregos,BrAm - Total,47725,2,477,47,G
310900,Município,2024,Número de Empregos,BrAm - Total,47741,7,477,47,G
310900,Município,2024,Número de Empregos,BrAm - Total,47814,41,478,47,G
310900,Município,2024,Número de Empregos,BrAm - Total,47822,14,478,47,G
310900,Município,2024,Número de Empregos,BrAm - Total,47849,4,478,47,G
310900,Município,2024,Número de Empregos,BrAm - Total,47890,11,478,47,G
310900,Município,2024,Número de Empregos,BrAm - Total,49213,10,492,49,H
310900,Município,2024,Número de Empregos,BrAm - Total,49248,1,492,49,H
310900,Município,2024,Número de Empregos,BrAm - Total,49299,55,492,49,H
310900,Município,2024,Número de Empregos,BrAm - Total,49302,117,493,49,H
310900,Município,2024,Número de Empregos,BrAm - Total,52125,2,521,52,H
310900,Município,2024,Número de Empregos,BrAm - Total,52231,1,522,52,H
310900,Município,2024,Número de Empregos,BrAm - Total,52508,40,525,52,H
310900,Município,2024,Número de Empregos,BrAm - Total,53105,7,531,53,H
310900,Município,2024,Número de Empregos,BrAm - Total,55108,42,551,55,I
310900,Município,2024,Número de Empregos,BrAm - Total,56112,107,561,56,I
310900,Município,2024,Número de Empregos,BrAm - Total,56201,33,562,56,I
310900,Município,2024,Número de Empregos,BrAm - Total,61108,7,611,61,J
310900,Município,2024,Número de Empregos,BrAm - Total,64221,18,642,64,K
310900,Município,2024,Número de Empregos,BrAm - Total,64239,3,642,64,K
310900,Município,2024,Número de Empregos,BrAm - Total,64247,19,642,64,K
310900,Município,2024,Número de Empregos,BrAm - Total,66223,1,662,66,K
310900,Município,2024,Número de Empregos,BrAm - Total,68102,1,681,68,L
310900,Município,2024,Número de Empregos,BrAm - Total,68218,7,682,68,L
310900,Município,2024,Número de Empregos,BrAm - Total,68226,2,682,68,L
310900,Município,2024,Número de Empregos,BrAm - Total,69117,1,691,69,M
310900,Município,2024,Número de Empregos,BrAm - Total,69125,16,691,69,M
310900,Município,2024,Número de Empregos,BrAm - Total,69206,21,692,69,M
310900,Município,2024,Número de Empregos,BrAm - Total,70204,2,702,70,M
310900,Município,2024,Número de Empregos,BrAm - Total,71120,20,711,71,M
310900,Município,2024,Número de Empregos,BrAm - Total,71197,3,711,71,M
310900,Município,2024,Número de Empregos,BrAm - Total,73190,4,731,73,M
310900,Município,2024,Número de Empregos,BrAm - Total,73203,1,732,73,M
310900,Município,2024,Número de Empregos,BrAm - Total,74901,12,749,74,M
310900,Município,2024,Número de Empregos,BrAm - Total,75001,8,750,75,M
310900,Município,2024,Número de Empregos,BrAm - Total,77195,8,771,77,N
310900,Município,2024,Número de Empregos,BrAm - Total,77322,5,773,77,N
310900,Município,2024,Número de Empregos,BrAm - Total,77390,1,773,77,N
310900,Município,2024,Número de Empregos,BrAm - Total,79112,1,791,79,N
310900,Município,2024,Número de Empregos,BrAm - Total,81125,111,811,81,N
310900,Município,2024,Número de Empregos,BrAm - Total,82113,5,821,82,N
310900,Município,2024,Número de Empregos,BrAm - Total,82997,11,829,82,N
310900,Município,2024,Número de Empregos,BrAm - Total,84116,1120,841,84,O
310900,Município,2024,Número de Empregos,BrAm - Total,85121,4,851,85,P
310900,Município,2024,Número de Empregos,BrAm - Total,85139,48,851,85,P
310900,Município,2024,Número de Empregos,BrAm - Total,85201,9,852,85,P
310900,Município,2024,Número de Empregos,BrAm - Total,85333,54,853,85,P
310900,Município,2024,Número de Empregos,BrAm - Total,85937,6,859,85,P
310900,Município,2024,Número de Empregos,BrAm - Total,85996,17,859,85,P
310900,Município,2024,Número de Empregos,BrAm - Total,86101,37,861,86,Q
310900,Município,2024,Número de Empregos,BrAm - Total,86305,22,863,86,Q
310900,Município,2024,Número de Empregos,BrAm - Total,86402,10,864,86,Q
310900,Município,2024,Número de Empregos,BrAm - Total,86500,3,865,86,Q
310900,Município,2024,Número de Empregos,BrAm - Total,86909,1,869,86,Q
310900,Município,2024,Número de Empregos,BrAm - Total,87115,12,871,87,Q
310900,Município,2024,Número de Empregos,BrAm - Total,87204,1,872,87,Q
310900,Município,2024,Número de Empregos,BrAm - Total,91023,182,910,91,R
310900,Município,2024,Número de Empregos,BrAm - Total,93123,1,931,93,R
310900,Município,2024,Número de Empregos,BrAm - Total,93131,3,931,93,R
310900,Município,2024,Número de Empregos,BrAm - Total,94111,1,941,94,S
310900,Município,2024,Número de Empregos,BrAm - Total,94201,1,942,94,S
310900,Município,2024,Número de Empregos,BrAm - Total,94308,44,943,94,S
310900,Município,2024,Número de Empregos,BrAm - Total,94910,3,949,94,S
310900,Município,2024,Número de Empregos,BrAm - Total,94995,23,949,94,S
310900,Município,2024,Número de Empregos,BrAm - Total,96017,1,960,96,S
310900,Município,2024,Número de Empregos,BrAm - Total,96025,3,960,96,S
310900,Município,2024,Número de Empregos,BrAm - Total,96092,1,960,96,S
310900,Município,2024,Número de Empregos,Homem - BrAm,01113,1,011,01,A
310900,Município,2024,Número de Empregos,Homem - BrAm,01211,2,012,01,A
310900,Município,2024,Número de Empregos,Homem - BrAm,01512,26,015,01,A
310900,Município,2024,Número de Empregos,Homem - BrAm,01521,10,015,01,A
310900,Município,2024,Número de Empregos,Homem - BrAm,01547,4,015,01,A
310900,Município,2024,Número de Empregos,Homem - BrAm,01555,3,015,01,A
310900,Município,2024,Número de Empregos,Homem - BrAm,01610,12,016,01,A
310900,Município,2024,Número de Empregos,Homem - BrAm,01628,4,016,01,A
310900,Município,2024,Número de Empregos,Homem - BrAm,02306,7,023,02,A
310900,Município,2024,Número de Empregos,Homem - BrAm,07103,764,071,07,B
310900,Município,2024,Número de Empregos,Homem - BrAm,08100,9,081,08,B
310900,Município,2024,Número de Empregos,Homem - BrAm,09904,52,099,09,B
310900,Município,2024,Número de Empregos,Homem - BrAm,10121,27,101,10,C
310900,Município,2024,Número de Empregos,Homem - BrAm,10538,2,105,10,C
310900,Município,2024,Número de Empregos,Homem - BrAm,10911,4,109,10,C
310900,Município,2024,Número de Empregos,Homem - BrAm,10945,1,109,10,C
310900,Município,2024,Número de Empregos,Homem - BrAm,10953,1,109,10,C
310900,Município,2024,Número de Empregos,Homem - BrAm,11135,1,111,11,C
310900,Município,2024,Número de Empregos,Homem - BrAm,11216,15,112,11,C
310900,Município,2024,Número de Empregos,Homem - BrAm,14134,4,141,14,C
310900,Município,2024,Número de Empregos,Homem - BrAm,16226,3,162,16,C
310900,Município,2024,Número de Empregos,Homem - BrAm,18300,1,183,18,C
310900,Município,2024,Número de Empregos,Homem - BrAm,23303,6,233,23,C
310900,Município,2024,Número de Empregos,Homem - BrAm,23915,4,239,23,C
310900,Município,2024,Número de Empregos,Homem - BrAm,24512,6,245,24,C
310900,Município,2024,Número de Empregos,Homem - BrAm,25128,2,251,25,C
310900,Município,2024,Número de Empregos,Homem - BrAm,38114,2,381,38,E
310900,Município,2024,Número de Empregos,Homem - BrAm,41107,2,411,41,F
310900,Município,2024,Número de Empregos,Homem - BrAm,41204,50,412,41,F
310900,Município,2024,Número de Empregos,Homem - BrAm,42111,150,421,42,F
310900,Município,2024,Número de Empregos,Homem - BrAm,42120,22,421,42,F
310900,Município,2024,Número de Empregos,Homem - BrAm,42138,2,421,42,F
310900,Município,2024,Número de Empregos,Homem - BrAm,42995,15,429,42,F
310900,Município,2024,Número de Empregos,Homem - BrAm,43291,7,432,43,F
310900,Município,2024,Número de Empregos,Homem - BrAm,43304,11,433,43,F
310900,Município,2024,Número de Empregos,Homem - BrAm,43991,40,439,43,F
310900,Município,2024,Número de Empregos,Homem - BrAm,45111,2,451,45,G
310900,Município,2024,Número de Empregos,Homem - BrAm,45200,2,452,45,G
310900,Município,2024,Número de Empregos,Homem - BrAm,45307,10,453,45,G
310900,Município,2024,Número de Empregos,Homem - BrAm,46354,1,463,46,G
310900,Município,2024,Número de Empregos,Homem - BrAm,46371,3,463,46,G
310900,Município,2024,Número de Empregos,Homem - BrAm,46494,1,464,46,G
310900,Município,2024,Número de Empregos,Homem - BrAm,46711,1,467,46,G
310900,Município,2024,Número de Empregos,Homem - BrAm,46893,10,468,46,G
310900,Município,2024,Número de Empregos,Homem - BrAm,46915,6,469,46,G
310900,Município,2024,Número de Empregos,Homem - BrAm,47113,47,471,47,G
310900,Município,2024,Número de Empregos,Homem - BrAm,47121,3,471,47,G
310900,Município,2024,Número de Empregos,Homem - BrAm,47130,3,471,47,G
310900,Município,2024,Número de Empregos,Homem - BrAm,47211,5,472,47,G
310900,Município,2024,Número de Empregos,Homem - BrAm,47229,6,472,47,G
310900,Município,2024,Número de Empregos,Homem - BrAm,47237,2,472,47,G
310900,Município,2024,Número de Empregos,Homem - BrAm,47245,2,472,47,G
310900,Município,2024,Número de Empregos,Homem - BrAm,47296,2,472,47,G
310900,Município,2024,Número de Empregos,Homem - BrAm,47318,10,473,47,G
310900,Município,2024,Número de Empregos,Homem - BrAm,47415,1,474,47,G
310900,Município,2024,Número de Empregos,Homem - BrAm,47431,3,474,47,G
310900,Município,2024,Número de Empregos,Homem - BrAm,47440,32,474,47,G
310900,Município,2024,Número de Empregos,Homem - BrAm,47512,1,475,47,G
310900,Município,2024,Número de Empregos,Homem - BrAm,47539,1,475,47,G
310900,Município,2024,Número de Empregos,Homem - BrAm,47547,10,475,47,G
310900,Município,2024,Número de Empregos,Homem - BrAm,47610,3,476,47,G
310900,Município,2024,Número de Empregos,Homem - BrAm,47717,18,477,47,G
310900,Município,2024,Número de Empregos,Homem - BrAm,47725,1,477,47,G
310900,Município,2024,Número de Empregos,Homem - BrAm,47741,1,477,47,G
310900,Município,2024,Número de Empregos,Homem - BrAm,47814,3,478,47,G
310900,Município,2024,Número de Empregos,Homem - BrAm,47822,2,478,47,G
310900,Município,2024,Número de Empregos,Homem - BrAm,47849,2,478,47,G
310900,Município,2024,Número de Empregos,Homem - BrAm,47890,8,478,47,G
310900,Município,2024,Número de Empregos,Homem - BrAm,49213,6,492,49,H
310900,Município,2024,Número de Empregos,Homem - BrAm,49248,1,492,49,H
310900,Município,2024,Número de Empregos,Homem - BrAm,49299,41,492,49,H
310900,Município,2024,Número de Empregos,Homem - BrAm,49302,107,493,49,H
310900,Município,2024,Número de Empregos,Homem - BrAm,52125,2,521,52,H
310900,Município,2024,Número de Empregos,Homem - BrAm,52231,1,522,52,H
310900,Município,2024,Número de Empregos,Homem - BrAm,52508,35,525,52,H
310900,Município,2024,Número de Empregos,Homem - BrAm,53105,5,531,53,H
310900,Município,2024,Número de Empregos,Homem - BrAm,55108,20,551,55,I
310900,Município,2024,Número de Empregos,Homem - BrAm,56112,36,561,56,I
310900,Município,2024,Número de Empregos,Homem - BrAm,56201,10,562,56,I
310900,Município,2024,Número de Empregos,Homem - BrAm,61108,5,611,61,J
310900,Município,2024,Número de Empregos,Homem - BrAm,64221,11,642,64,K
310900,Município,2024,Número de Empregos,Homem - BrAm,64239,3,642,64,K
310900,Município,2024,Número de Empregos,Homem - BrAm,64247,6,642,64,K
310900,Município,2024,Número de Empregos,Homem - BrAm,68102,1,681,68,L
310900,Município,2024,Número de Empregos,Homem - BrAm,68218,3,682,68,L
310900,Município,2024,Número de Empregos,Homem - BrAm,69125,7,691,69,M
310900,Município,2024,Número de Empregos,Homem - BrAm,69206,5,692,69,M
310900,Município,2024,Número de Empregos,Homem - BrAm,70204,1,702,70,M
310900,Município,2024,Número de Empregos,Homem - BrAm,71120,18,711,71,M
310900,Município,2024,Número de Empregos,Homem - BrAm,71197,2,711,71,M
310900,Município,2024,Número de Empregos,Homem - BrAm,73190,3,731,73,M
310900,Município,2024,Número de Empregos,Homem - BrAm,74901,5,749,74,M
310900,Município,2024,Número de Empregos,Homem - BrAm,75001,2,750,75,M
310900,Município,2024,Número de Empregos,Homem - BrAm,77195,6,771,77,N
310900,Município,2024,Número de Empregos,Homem - BrAm,77322,4,773,77,N
310900,Município,2024,Número de Empregos,Homem - BrAm,81125,79,811,81,N
310900,Município,2024,Número de Empregos,Homem - BrAm,82113,4,821,82,N
310900,Município,2024,Número de Empregos,Homem - BrAm,82997,6,829,82,N
310900,Município,2024,Número de Empregos,Homem - BrAm,84116,376,841,84,O
310900,Município,2024,Número de Empregos,Homem - BrAm,85139,14,851,85,P
310900,Município,2024,Número de Empregos,Homem - BrAm,85201,6,852,85,P
310900,Município,2024,Número de Empregos,Homem - BrAm,85333,30,853,85,P
310900,Município,2024,Número de Empregos,Homem - BrAm,85937,2,859,85,P
310900,Município,2024,Número de Empregos,Homem - BrAm,85996,6,859,85,P
310900,Município,2024,Número de Empregos,Homem - BrAm,86101,14,861,86,Q
310900,Município,2024,Número de Empregos,Homem - BrAm,86305,3,863,86,Q
310900,Município,2024,Número de Empregos,Homem - BrAm,86402,3,864,86,Q
310900,Município,2024,Número de Empregos,Homem - BrAm,87204,1,872,87,Q
310900,Município,2024,Número de Empregos,Homem - BrAm,91023,84,910,91,R
310900,Município,2024,Número de Empregos,Homem - BrAm,93123,1,931,93,R
310900,Município,2024,Número de Empregos,Homem - BrAm,93131,1,931,93,R
310900,Município,2024,Número de Empregos,Homem - BrAm,94308,22,943,94,S
310900,Município,2024,Número de Empregos,Homem - BrAm,94910,3,949,94,S
310900,Município,2024,Número de Empregos,Homem - BrAm,94995,17,949,94,S
310900,Município,2024,Número de Empregos,Homem - PPI,01113,1,011,01,A
310900,Município,2024,Número de Empregos,Homem - PPI,01199,11,011,01,A
310900,Município,2024,Número de Empregos,Homem - PPI,01211,3,012,01,A
310900,Município,2024,Número de Empregos,Homem - PPI,01318,3,013,01,A
310900,Município,2024,Número de Empregos,Homem - PPI,01393,2,013,01,A
310900,Município,2024,Número de Empregos,Homem - PPI,01512,36,015,01,A
310900,Município,2024,Número de Empregos,Homem - PPI,01521,12,015,01,A
310900,Município,2024,Número de Empregos,Homem - PPI,01547,15,015,01,A
310900,Município,2024,Número de Empregos,Homem - PPI,01555,1,015,01,A
310900,Município,2024,Número de Empregos,Homem - PPI,01598,1,015,01,A
310900,Município,2024,Número de Empregos,Homem - PPI,01610,10,016,01,A
310900,Município,2024,Número de Empregos,Homem - PPI,01628,10,016,01,A
310900,Município,2024,Número de Empregos,Homem - PPI,02306,31,023,02,A
310900,Município,2024,Número de Empregos,Homem - PPI,07103,1323,071,07,B
310900,Município,2024,Número de Empregos,Homem - PPI,08100,19,081,08,B
310900,Município,2024,Número de Empregos,Homem - PPI,09904,10,099,09,B
310900,Município,2024,Número de Empregos,Homem - PPI,10121,33,101,10,C
310900,Município,2024,Número de Empregos,Homem - PPI,10139,1,101,10,C
310900,Município,2024,Número de Empregos,Homem - PPI,10520,1,105,10,C
310900,Município,2024,Número de Empregos,Homem - PPI,10538,3,105,10,C
310900,Município,2024,Número de Empregos,Homem - PPI,10911,14,109,10,C
310900,Município,2024,Número de Empregos,Homem - PPI,10945,3,109,10,C
310900,Município,2024,Número de Empregos,Homem - PPI,11119,1,111,11,C
310900,Município,2024,Número de Empregos,Homem - PPI,11216,54,112,11,C
310900,Município,2024,Número de Empregos,Homem - PPI,14126,1,141,14,C
310900,Município,2024,Número de Empregos,Homem - PPI,14134,8,141,14,C
310900,Município,2024,Número de Empregos,Homem - PPI,18300,1,183,18,C
310900,Município,2024,Número de Empregos,Homem - PPI,20991,3,209,20,C
310900,Município,2024,Número de Empregos,Homem - PPI,23303,10,233,23,C
310900,Município,2024,Número de Empregos,Homem - PPI,23915,4,239,23,C
310900,Município,2024,Número de Empregos,Homem - PPI,24512,20,245,24,C
310900,Município,2024,Número de Empregos,Homem - PPI,25128,11,251,25,C
310900,Município,2024,Número de Empregos,Homem - PPI,25420,2,254,25,C
310900,Município,2024,Número de Empregos,Homem - PPI,28402,1,284,28,C
310900,Município,2024,Número de Empregos,Homem - PPI,28691,1,286,28,C
310900,Município,2024,Número de Empregos,Homem - PPI,31012,7,310,31,C
310900,Município,2024,Número de Empregos,Homem - PPI,33147,1,331,33,C
310900,Município,2024,Número de Empregos,Homem - PPI,38114,6,381,38,E
310900,Município,2024,Número de Empregos,Homem - PPI,41107,3,411,41,F
310900,Município,2024,Número de Empregos,Homem - PPI,41204,164,412,41,F
310900,Município,2024,Número de Empregos,Homem - PPI,42111,638,421,42,F
310900,Município,2024,Número de Empregos,Homem - PPI,42120,106,421,42,F
310900,Município,2024,Número de Empregos,Homem - PPI,42219,1,422,42,F
310900,Município,2024,Número de Empregos,Homem - PPI,42227,7,422,42,F
310900,Município,2024,Número de Empregos,Homem - PPI,42910,3,429,42,F
310900,Município,2024,Número de Empregos,Homem - PPI,42928,1,429,42,F
310900,Município,2024,Número de Empregos,Homem - PPI,42995,44,429,42,F
310900,Município,2024,Número de Empregos,Homem - PPI,43134,4,431,43,F
310900,Município,2024,Número de Empregos,Homem - PPI,43215,3,432,43,F
310900,Município,2024,Número de Empregos,Homem - PPI,43223,3,432,43,F
310900,Município,2024,Número de Empregos,Homem - PPI,43291,17,432,43,F
310900,Município,2024,Número de Empregos,Homem - PPI,43304,28,433,43,F
310900,Município,2024,Número de Empregos,Homem - PPI,43991,99,439,43,F
310900,Município,2024,Número de Empregos,Homem - PPI,45200,8,452,45,G
310900,Município,2024,Número de Empregos,Homem - PPI,45307,17,453,45,G
310900,Município,2024,Número de Empregos,Homem - PPI,45412,2,454,45,G
310900,Município,2024,Número de Empregos,Homem - PPI,46354,1,463,46,G
310900,Município,2024,Número de Empregos,Homem - PPI,46371,1,463,46,G
310900,Município,2024,Número de Empregos,Homem - PPI,46397,1,463,46,G
310900,Município,2024,Número de Empregos,Homem - PPI,46451,1,464,46,G
310900,Município,2024,Número de Empregos,Homem - PPI,46494,1,464,46,G
310900,Município,2024,Número de Empregos,Homem - PPI,46729,1,467,46,G
310900,Município,2024,Número de Empregos,Homem - PPI,46893,16,468,46,G
310900,Município,2024,Número de Empregos,Homem - PPI,46915,41,469,46,G
310900,Município,2024,Número de Empregos,Homem - PPI,47113,140,471,47,G
310900,Município,2024,Número de Empregos,Homem - PPI,47121,8,471,47,G
310900,Município,2024,Número de Empregos,Homem - PPI,47130,7,471,47,G
310900,Município,2024,Número de Empregos,Homem - PPI,47211,5,472,47,G
310900,Município,2024,Número de Empregos,Homem - PPI,47229,13,472,47,G
310900,Município,2024,Número de Empregos,Homem - PPI,47237,3,472,47,G
310900,Município,2024,Número de Empregos,Homem - PPI,47245,3,472,47,G
310900,Município,2024,Número de Empregos,Homem - PPI,47296,3,472,47,G
310900,Município,2024,Número de Empregos,Homem - PPI,47318,46,473,47,G
310900,Município,2024,Número de Empregos,Homem - PPI,47415,2,474,47,G
310900,Município,2024,Número de Empregos,Homem - PPI,47431,8,474,47,G
310900,Município,2024,Número de Empregos,Homem - PPI,47440,93,474,47,G
310900,Município,2024,Número de Empregos,Homem - PPI,47539,2,475,47,G
310900,Município,2024,Número de Empregos,Homem - PPI,47547,2,475,47,G
310900,Município,2024,Número de Empregos,Homem - PPI,47610,3,476,47,G
310900,Município,2024,Número de Empregos,Homem - PPI,47717,18,477,47,G
310900,Município,2024,Número de Empregos,Homem - PPI,47725,1,477,47,G
310900,Município,2024,Número de Empregos,Homem - PPI,47814,2,478,47,G
310900,Município,2024,Número de Empregos,Homem - PPI,47822,1,478,47,G
310900,Município,2024,Número de Empregos,Homem - PPI,47849,16,478,47,G
310900,Município,2024,Número de Empregos,Homem - PPI,47890,37,478,47,G
310900,Município,2024,Número de Empregos,Homem - PPI,49213,39,492,49,H
310900,Município,2024,Número de Empregos,Homem - PPI,49221,4,492,49,H
310900,Município,2024,Número de Empregos,Homem - PPI,49299,117,492,49,H
310900,Município,2024,Número de Empregos,Homem - PPI,49302,315,493,49,H
310900,Município,2024,Número de Empregos,Homem - PPI,52125,43,521,52,H
310900,Município,2024,Número de Empregos,Homem - PPI,52508,73,525,52,H
310900,Município,2024,Número de Empregos,Homem - PPI,53105,7,531,53,H
310900,Município,2024,Número de Empregos,Homem - PPI,55108,47,551,55,I
310900,Município,2024,Número de Empregos,Homem - PPI,55906,1,559,55,I
310900,Município,2024,Número de Empregos,Homem - PPI,56112,67,561,56,I
310900,Município,2024,Número de Empregos,Homem - PPI,56201,18,562,56,I
310900,Município,2024,Número de Empregos,Homem - PPI,61108,2,611,61,J
310900,Município,2024,Número de Empregos,Homem - PPI,64221,3,642,64,K
310900,Município,2024,Número de Empregos,Homem - PPI,64239,2,642,64,K
310900,Município,2024,Número de Empregos,Homem - PPI,64247,2,642,64,K
310900,Município,2024,Número de Empregos,Homem - PPI,66193,2,661,66,K
310900,Município,2024,Número de Empregos,Homem - PPI,66223,1,662,66,K
310900,Município,2024,Número de Empregos,Homem - PPI,68102,3,681,68,L
310900,Município,2024,Número de Empregos,Homem - PPI,68218,2,682,68,L
310900,Município,2024,Número de Empregos,Homem - PPI,68226,1,682,68,L
310900,Município,2024,Número de Empregos,Homem - PPI,69117,1,691,69,M
310900,Município,2024,Número de Empregos,Homem - PPI,69125,7,691,69,M
310900,Município,2024,Número de Empregos,Homem - PPI,69206,6,692,69,M
310900,Município,2024,Número de Empregos,Homem - PPI,70204,9,702,70,M
310900,Município,2024,Número de Empregos,Homem - PPI,71120,43,711,71,M
310900,Município,2024,Número de Empregos,Homem - PPI,71197,1,711,71,M
310900,Município,2024,Número de Empregos,Homem - PPI,73190,4,731,73,M
310900,Município,2024,Número de Empregos,Homem - PPI,77195,5,771,77,N
310900,Município,2024,Número de Empregos,Homem - PPI,77322,8,773,77,N
310900,Município,2024,Número de Empregos,Homem - PPI,79112,4,791,79,N
310900,Município,2024,Número de Empregos,Homem - PPI,80200,2,802,80,N
310900,Município,2024,Número de Empregos,Homem - PPI,81125,206,811,81,N
310900,Município,2024,Número de Empregos,Homem - PPI,82113,13,821,82,N
310900,Município,2024,Número de Empregos,Homem - PPI,82997,15,829,82,N
310900,Município,2024,Número de Empregos,Homem - PPI,84116,302,841,84,O
310900,Município,2024,Número de Empregos,Homem - PPI,85139,11,851,85,P
310900,Município,2024,Número de Empregos,Homem - PPI,85201,1,852,85,P
310900,Município,2024,Número de Empregos,Homem - PPI,85333,7,853,85,P
310900,Município,2024,Número de Empregos,Homem - PPI,85937,2,859,85,P
310900,Município,2024,Número de Empregos,Homem - PPI,85996,7,859,85,P
310900,Município,2024,Número de Empregos,Homem - PPI,86101,22,861,86,Q
310900,Município,2024,Número de Empregos,Homem - PPI,86305,15,863,86,Q
310900,Município,2024,Número de Empregos,Homem - PPI,87115,1,871,87,Q
310900,Município,2024,Número de Empregos,Homem - PPI,91023,179,910,91,R
310900,Município,2024,Número de Empregos,Homem - PPI,93123,5,931,93,R
310900,Município,2024,Número de Empregos,Homem - PPI,93131,8,931,93,R
310900,Município,2024,Número de Empregos,Homem - PPI,93298,2,932,93,R
310900,Município,2024,Número de Empregos,Homem - PPI,94308,39,943,94,S
310900,Município,2024,Número de Empregos,Homem - PPI,94910,2,949,94,S
310900,Município,2024,Número de Empregos,Homem - PPI,94995,34,949,94,S
310900,Município,2024,Número de Empregos,Homem - PPI,95291,5,952,95,S
310900,Município,2024,Número de Empregos,Homem - PPI,96092,2,960,96,S
310900,Município,2024,Número de Empregos,Homem - Total,01113,2,011,01,A
310900,Município,2024,Número de Empregos,Homem - Total,01199,12,011,01,A
310900,Município,2024,Número de Empregos,Homem - Total,01211,5,012,01,A
310900,Município,2024,Número de Empregos,Homem - Total,01318,5,013,01,A
310900,Município,2024,Número de Empregos,Homem - Total,01393,2,013,01,A
310900,Município,2024,Número de Empregos,Homem - Total,01512,68,015,01,A
310900,Município,2024,Número de Empregos,Homem - Total,01521,22,015,01,A
310900,Município,2024,Número de Empregos,Homem - Total,01547,20,015,01,A
310900,Município,2024,Número de Empregos,Homem - Total,01555,4,015,01,A
310900,Município,2024,Número de Empregos,Homem - Total,01598,1,015,01,A
310900,Município,2024,Número de Empregos,Homem - Total,01610,24,016,01,A
310900,Município,2024,Número de Empregos,Homem - Total,01628,16,016,01,A
310900,Município,2024,Número de Empregos,Homem - Total,02306,38,023,02,A
310900,Município,2024,Número de Empregos,Homem - Total,07103,2224,071,07,B
310900,Município,2024,Número de Empregos,Homem - Total,08100,37,081,08,B
310900,Município,2024,Número de Empregos,Homem - Total,09904,62,099,09,B
310900,Município,2024,Número de Empregos,Homem - Total,10121,60,101,10,C
310900,Município,2024,Número de Empregos,Homem - Total,10139,1,101,10,C
310900,Município,2024,Número de Empregos,Homem - Total,10520,1,105,10,C
310900,Município,2024,Número de Empregos,Homem - Total,10538,5,105,10,C
310900,Município,2024,Número de Empregos,Homem - Total,10911,18,109,10,C
310900,Município,2024,Número de Empregos,Homem - Total,10945,6,109,10,C
310900,Município,2024,Número de Empregos,Homem - Total,10953,1,109,10,C
310900,Município,2024,Número de Empregos,Homem - Total,11119,1,111,11,C
310900,Município,2024,Número de Empregos,Homem - Total,11135,1,111,11,C
310900,Município,2024,Número de Empregos,Homem - Total,11216,70,112,11,C
310900,Município,2024,Número de Empregos,Homem - Total,14126,1,141,14,C
310900,Município,2024,Número de Empregos,Homem - Total,14134,13,141,14,C
310900,Município,2024,Número de Empregos,Homem - Total,16226,3,162,16,C
310900,Município,2024,Número de Empregos,Homem - Total,18300,5,183,18,C
310900,Município,2024,Número de Empregos,Homem - Total,20991,3,209,20,C
310900,Município,2024,Número de Empregos,Homem - Total,23303,16,233,23,C
310900,Município,2024,Número de Empregos,Homem - Total,23915,9,239,23,C
310900,Município,2024,Número de Empregos,Homem - Total,24512,26,245,24,C
310900,Município,2024,Número de Empregos,Homem - Total,25128,13,251,25,C
310900,Município,2024,Número de Empregos,Homem - Total,25420,2,254,25,C
310900,Município,2024,Número de Empregos,Homem - Total,28402,1,284,28,C
310900,Município,2024,Número de Empregos,Homem - Total,28691,1,286,28,C
310900,Município,2024,Número de Empregos,Homem - Total,31012,7,310,31,C
310900,Município,2024,Número de Empregos,Homem - Total,33147,1,331,33,C
310900,Município,2024,Número de Empregos,Homem - Total,38114,8,381,38,E
310900,Município,2024,Número de Empregos,Homem - Total,41107,5,411,41,F
310900,Município,2024,Número de Empregos,Homem - Total,41204,225,412,41,F
310900,Município,2024,Número de Empregos,Homem - Total,42111,788,421,42,F
310900,Município,2024,Número de Empregos,Homem - Total,42120,128,421,42,F
310900,Município,2024,Número de Empregos,Homem - Total,42138,2,421,42,F
310900,Município,2024,Número de Empregos,Homem - Total,42219,1,422,42,F
310900,Município,2024,Número de Empregos,Homem - Total,42227,7,422,42,F
310900,Município,2024,Número de Empregos,Homem - Total,42910,3,429,42,F
310900,Município,2024,Número de Empregos,Homem - Total,42928,1,429,42,F
310900,Município,2024,Número de Empregos,Homem - Total,42995,60,429,42,F
310900,Município,2024,Número de Empregos,Homem - Total,43134,4,431,43,F
310900,Município,2024,Número de Empregos,Homem - Total,43215,3,432,43,F
310900,Município,2024,Número de Empregos,Homem - Total,43223,3,432,43,F
310900,Município,2024,Número de Empregos,Homem - Total,43291,24,432,43,F
310900,Município,2024,Número de Empregos,Homem - Total,43304,39,433,43,F
310900,Município,2024,Número de Empregos,Homem - Total,43991,150,439,43,F
310900,Município,2024,Número de Empregos,Homem - Total,45111,2,451,45,G
310900,Município,2024,Número de Empregos,Homem - Total,45200,11,452,45,G
310900,Município,2024,Número de Empregos,Homem - Total,45307,27,453,45,G
310900,Município,2024,Número de Empregos,Homem - Total,45412,2,454,45,G
310900,Município,2024,Número de Empregos,Homem - Total,46354,2,463,46,G
310900,Município,2024,Número de Empregos,Homem - Total,46371,4,463,46,G
310900,Município,2024,Número de Empregos,Homem - Total,46397,1,463,46,G
310900,Município,2024,Número de Empregos,Homem - Total,46451,1,464,46,G
310900,Município,2024,Número de Empregos,Homem - Total,46494,2,464,46,G
310900,Município,2024,Número de Empregos,Homem - Total,46711,1,467,46,G
310900,Município,2024,Número de Empregos,Homem - Total,46729,1,467,46,G
310900,Município,2024,Número de Empregos,Homem - Total,46893,29,468,46,G
310900,Município,2024,Número de Empregos,Homem - Total,46915,47,469,46,G
310900,Município,2024,Número de Empregos,Homem - Total,47113,189,471,47,G
310900,Município,2024,Número de Empregos,Homem - Total,47121,15,471,47,G
310900,Município,2024,Número de Empregos,Homem - Total,47130,12,471,47,G
310900,Município,2024,Número de Empregos,Homem - Total,47211,11,472,47,G
310900,Município,2024,Número de Empregos,Homem - Total,47229,19,472,47,G
310900,Município,2024,Número de Empregos,Homem - Total,47237,5,472,47,G
310900,Município,2024,Número de Empregos,Homem - Total,47245,5,472,47,G
310900,Município,2024,Número de Empregos,Homem - Total,47296,5,472,47,G
310900,Município,2024,Número de Empregos,Homem - Total,47318,60,473,47,G
310900,Município,2024,Número de Empregos,Homem - Total,47415,3,474,47,G
310900,Município,2024,Número de Empregos,Homem - Total,47431,11,474,47,G
310900,Município,2024,Número de Empregos,Homem - Total,47440,136,474,47,G
310900,Município,2024,Número de Empregos,Homem - Total,47512,1,475,47,G
310900,Município,2024,Número de Empregos,Homem - Total,47539,3,475,47,G
310900,Município,2024,Número de Empregos,Homem - Total,47547,12,475,47,G
310900,Município,2024,Número de Empregos,Homem - Total,47610,6,476,47,G
310900,Município,2024,Número de Empregos,Homem - Total,47717,37,477,47,G
310900,Município,2024,Número de Empregos,Homem - Total,47725,2,477,47,G
310900,Município,2024,Número de Empregos,Homem - Total,47741,1,477,47,G
310900,Município,2024,Número de Empregos,Homem - Total,47814,5,478,47,G
310900,Município,2024,Número de Empregos,Homem - Total,47822,3,478,47,G
310900,Município,2024,Número de Empregos,Homem - Total,47849,19,478,47,G
310900,Município,2024,Número de Empregos,Homem - Total,47890,45,478,47,G
310900,Município,2024,Número de Empregos,Homem - Total,49213,45,492,49,H
310900,Município,2024,Número de Empregos,Homem - Total,49221,4,492,49,H
310900,Município,2024,Número de Empregos,Homem - Total,49248,1,492,49,H
310900,Município,2024,Número de Empregos,Homem - Total,49299,168,492,49,H
310900,Município,2024,Número de Empregos,Homem - Total,49302,480,493,49,H
310900,Município,2024,Número de Empregos,Homem - Total,52125,45,521,52,H
310900,Município,2024,Número de Empregos,Homem - Total,52231,1,522,52,H
310900,Município,2024,Número de Empregos,Homem - Total,52508,108,525,52,H
310900,Município,2024,Número de Empregos,Homem - Total,53105,12,531,53,H
310900,Município,2024,Número de Empregos,Homem - Total,55108,67,551,55,I
310900,Município,2024,Número de Empregos,Homem - Total,55906,1,559,55,I
310900,Município,2024,Número de Empregos,Homem - Total,56112,111,561,56,I
310900,Município,2024,Número de Empregos,Homem - Total,56201,29,562,56,I
310900,Município,2024,Número de Empregos,Homem - Total,61108,7,611,61,J
310900,Município,2024,Número de Empregos,Homem - Total,62015,1,620,62,J
310900,Município,2024,Número de Empregos,Homem - Total,64221,14,642,64,K
310900,Município,2024,Número de Empregos,Homem - Total,64239,5,642,64,K
310900,Município,2024,Número de Empregos,Homem - Total,64247,8,642,64,K
310900,Município,2024,Número de Empregos,Homem - Total,66193,2,661,66,K
310900,Município,2024,Número de Empregos,Homem - Total,66223,1,662,66,K
310900,Município,2024,Número de Empregos,Homem - Total,68102,4,681,68,L
310900,Município,2024,Número de Empregos,Homem - Total,68218,5,682,68,L
310900,Município,2024,Número de Empregos,Homem - Total,68226,1,682,68,L
310900,Município,2024,Número de Empregos,Homem - Total,69117,1,691,69,M
310900,Município,2024,Número de Empregos,Homem - Total,69125,15,691,69,M
310900,Município,2024,Número de Empregos,Homem - Total,69206,12,692,69,M
310900,Município,2024,Número de Empregos,Homem - Total,70204,10,702,70,M
310900,Município,2024,Número de Empregos,Homem - Total,71120,61,711,71,M
310900,Município,2024,Número de Empregos,Homem - Total,71197,3,711,71,M
310900,Município,2024,Número de Empregos,Homem - Total,73190,7,731,73,M
310900,Município,2024,Número de Empregos,Homem - Total,74901,5,749,74,M
310900,Município,2024,Número de Empregos,Homem - Total,75001,2,750,75,M
310900,Município,2024,Número de Empregos,Homem - Total,77195,11,771,77,N
310900,Município,2024,Número de Empregos,Homem - Total,77322,14,773,77,N
310900,Município,2024,Número de Empregos,Homem - Total,79112,4,791,79,N
310900,Município,2024,Número de Empregos,Homem - Total,80200,2,802,80,N
310900,Município,2024,Número de Empregos,Homem - Total,81125,295,811,81,N
310900,Município,2024,Número de Empregos,Homem - Total,82113,17,821,82,N
310900,Município,2024,Número de Empregos,Homem - Total,82997,23,829,82,N
310900,Município,2024,Número de Empregos,Homem - Total,84116,678,841,84,O
310900,Município,2024,Número de Empregos,Homem - Total,85139,26,851,85,P
310900,Município,2024,Número de Empregos,Homem - Total,85201,8,852,85,P
310900,Município,2024,Número de Empregos,Homem - Total,85333,37,853,85,P
310900,Município,2024,Número de Empregos,Homem - Total,85937,4,859,85,P
310900,Município,2024,Número de Empregos,Homem - Total,85996,17,859,85,P
310900,Município,2024,Número de Empregos,Homem - Total,86101,36,861,86,Q
310900,Município,2024,Número de Empregos,Homem - Total,86305,21,863,86,Q
310900,Município,2024,Número de Empregos,Homem - Total,86402,3,864,86,Q
310900,Município,2024,Número de Empregos,Homem - Total,87115,1,871,87,Q
310900,Município,2024,Número de Empregos,Homem - Total,87204,1,872,87,Q
310900,Município,2024,Número de Empregos,Homem - Total,91023,263,910,91,R
310900,Município,2024,Número de Empregos,Homem - Total,93123,12,931,93,R
310900,Município,2024,Número de Empregos,Homem - Total,93131,10,931,93,R
310900,Município,2024,Número de Empregos,Homem - Total,93298,2,932,93,R
310900,Município,2024,Número de Empregos,Homem - Total,94308,80,943,94,S
310900,Município,2024,Número de Empregos,Homem - Total,94910,5,949,94,S
310900,Município,2024,Número de Empregos,Homem - Total,94995,60,949,94,S
310900,Município,2024,Número de Empregos,Homem - Total,95291,5,952,95,S
310900,Município,2024,Número de Empregos,Homem - Total,96092,3,960,96,S
310900,Município,2024,Número de Empregos,Mulher - BrAm,01512,4,015,01,A
310900,Município,2024,Número de Empregos,Mulher - BrAm,01521,3,015,01,A
310900,Município,2024,Número de Empregos,Mulher - BrAm,01547,1,015,01,A
310900,Município,2024,Número de Empregos,Mulher - BrAm,01610,1,016,01,A
310900,Município,2024,Número de Empregos,Mulher - BrAm,02306,2,023,02,A
310900,Município,2024,Número de Empregos,Mulher - BrAm,07103,187,071,07,B
310900,Município,2024,Número de Empregos,Mulher - BrAm,09904,5,099,09,B
310900,Município,2024,Número de Empregos,Mulher - BrAm,10121,23,101,10,C
310900,Município,2024,Número de Empregos,Mulher - BrAm,10139,1,101,10,C
310900,Município,2024,Número de Empregos,Mulher - BrAm,10538,2,105,10,C
310900,Município,2024,Número de Empregos,Mulher - BrAm,10643,1,106,10,C
310900,Município,2024,Número de Empregos,Mulher - BrAm,10911,14,109,10,C
310900,Município,2024,Número de Empregos,Mulher - BrAm,10945,3,109,10,C
310900,Município,2024,Número de Empregos,Mulher - BrAm,11216,18,112,11,C
310900,Município,2024,Número de Empregos,Mulher - BrAm,14126,4,141,14,C
310900,Município,2024,Número de Empregos,Mulher - BrAm,14134,17,141,14,C
310900,Município,2024,Número de Empregos,Mulher - BrAm,23303,1,233,23,C
310900,Município,2024,Número de Empregos,Mulher - BrAm,24512,3,245,24,C
310900,Município,2024,Número de Empregos,Mulher - BrAm,28402,1,284,28,C
310900,Município,2024,Número de Empregos,Mulher - BrAm,32507,1,325,32,C
310900,Município,2024,Número de Empregos,Mulher - BrAm,41204,14,412,41,F
310900,Município,2024,Número de Empregos,Mulher - BrAm,42111,20,421,42,F
310900,Município,2024,Número de Empregos,Mulher - BrAm,42120,7,421,42,F
310900,Município,2024,Número de Empregos,Mulher - BrAm,42995,3,429,42,F
310900,Município,2024,Número de Empregos,Mulher - BrAm,43304,2,433,43,F
310900,Município,2024,Número de Empregos,Mulher - BrAm,43991,13,439,43,F
310900,Município,2024,Número de Empregos,Mulher - BrAm,45200,1,452,45,G
310900,Município,2024,Número de Empregos,Mulher - BrAm,45307,3,453,45,G
310900,Município,2024,Número de Empregos,Mulher - BrAm,46494,1,464,46,G
310900,Município,2024,Número de Empregos,Mulher - BrAm,46711,1,467,46,G
310900,Município,2024,Número de Empregos,Mulher - BrAm,46893,3,468,46,G
310900,Município,2024,Número de Empregos,Mulher - BrAm,46915,9,469,46,G
310900,Município,2024,Número de Empregos,Mulher - BrAm,47113,37,471,47,G
310900,Município,2024,Número de Empregos,Mulher - BrAm,47121,13,471,47,G
310900,Município,2024,Número de Empregos,Mulher - BrAm,47130,2,471,47,G
310900,Município,2024,Número de Empregos,Mulher - BrAm,47211,11,472,47,G
310900,Município,2024,Número de Empregos,Mulher - BrAm,47229,4,472,47,G
310900,Município,2024,Número de Empregos,Mulher - BrAm,47296,1,472,47,G
310900,Município,2024,Número de Empregos,Mulher - BrAm,47318,1,473,47,G
310900,Município,2024,Número de Empregos,Mulher - BrAm,47415,1,474,47,G
310900,Município,2024,Número de Empregos,Mulher - BrAm,47431,2,474,47,G
310900,Município,2024,Número de Empregos,Mulher - BrAm,47440,21,474,47,G
310900,Município,2024,Número de Empregos,Mulher - BrAm,47512,1,475,47,G
310900,Município,2024,Número de Empregos,Mulher - BrAm,47539,4,475,47,G
310900,Município,2024,Número de Empregos,Mulher - BrAm,47547,10,475,47,G
310900,Município,2024,Número de Empregos,Mulher - BrAm,47555,15,475,47,G
310900,Município,2024,Número de Empregos,Mulher - BrAm,47610,1,476,47,G
310900,Município,2024,Número de Empregos,Mulher - BrAm,47717,28,477,47,G
310900,Município,2024,Número de Empregos,Mulher - BrAm,47725,1,477,47,G
310900,Município,2024,Número de Empregos,Mulher - BrAm,47741,6,477,47,G
310900,Município,2024,Número de Empregos,Mulher - BrAm,47814,38,478,47,G
310900,Município,2024,Número de Empregos,Mulher - BrAm,47822,12,478,47,G
310900,Município,2024,Número de Empregos,Mulher - BrAm,47849,2,478,47,G
310900,Município,2024,Número de Empregos,Mulher - BrAm,47890,3,478,47,G
310900,Município,2024,Número de Empregos,Mulher - BrAm,49213,4,492,49,H
310900,Município,2024,Número de Empregos,Mulher - BrAm,49299,14,492,49,H
310900,Município,2024,Número de Empregos,Mulher - BrAm,49302,10,493,49,H
310900,Município,2024,Número de Empregos,Mulher - BrAm,52508,5,525,52,H
310900,Município,2024,Número de Empregos,Mulher - BrAm,53105,2,531,53,H
310900,Município,2024,Número de Empregos,Mulher - BrAm,55108,22,551,55,I
310900,Município,2024,Número de Empregos,Mulher - BrAm,56112,71,561,56,I
310900,Município,2024,Número de Empregos,Mulher - BrAm,56201,23,562,56,I
310900,Município,2024,Número de Empregos,Mulher - BrAm,61108,2,611,61,J
310900,Município,2024,Número de Empregos,Mulher - BrAm,64221,7,642,64,K
310900,Município,2024,Número de Empregos,Mulher - BrAm,64247,13,642,64,K
310900,Município,2024,Número de Empregos,Mulher - BrAm,66223,1,662,66,K
310900,Município,2024,Número de Empregos,Mulher - BrAm,68218,4,682,68,L
310900,Município,2024,Número de Empregos,Mulher - BrAm,68226,2,682,68,L
310900,Município,2024,Número de Empregos,Mulher - BrAm,69117,1,691,69,M
310900,Município,2024,Número de Empregos,Mulher - BrAm,69125,9,691,69,M
310900,Município,2024,Número de Empregos,Mulher - BrAm,69206,16,692,69,M
310900,Município,2024,Número de Empregos,Mulher - BrAm,70204,1,702,70,M
310900,Município,2024,Número de Empregos,Mulher - BrAm,71120,2,711,71,M
310900,Município,2024,Número de Empregos,Mulher - BrAm,71197,1,711,71,M
310900,Município,2024,Número de Empregos,Mulher - BrAm,73190,1,731,73,M
310900,Município,2024,Número de Empregos,Mulher - BrAm,73203,1,732,73,M
310900,Município,2024,Número de Empregos,Mulher - BrAm,74901,7,749,74,M
310900,Município,2024,Número de Empregos,Mulher - BrAm,75001,6,750,75,M
310900,Município,2024,Número de Empregos,Mulher - BrAm,77195,2,771,77,N
310900,Município,2024,Número de Empregos,Mulher - BrAm,77322,1,773,77,N
310900,Município,2024,Número de Empregos,Mulher - BrAm,77390,1,773,77,N
310900,Município,2024,Número de Empregos,Mulher - BrAm,79112,1,791,79,N
310900,Município,2024,Número de Empregos,Mulher - BrAm,81125,32,811,81,N
310900,Município,2024,Número de Empregos,Mulher - BrAm,82113,1,821,82,N
310900,Município,2024,Número de Empregos,Mulher - BrAm,82997,5,829,82,N
310900,Município,2024,Número de Empregos,Mulher - BrAm,84116,744,841,84,O
310900,Município,2024,Número de Empregos,Mulher - BrAm,85121,4,851,85,P
310900,Município,2024,Número de Empregos,Mulher - BrAm,85139,34,851,85,P
310900,Município,2024,Número de Empregos,Mulher - BrAm,85201,3,852,85,P
310900,Município,2024,Número de Empregos,Mulher - BrAm,85333,24,853,85,P
310900,Município,2024,Número de Empregos,Mulher - BrAm,85937,4,859,85,P
310900,Município,2024,Número de Empregos,Mulher - BrAm,85996,11,859,85,P
310900,Município,2024,Número de Empregos,Mulher - BrAm,86101,23,861,86,Q
310900,Município,2024,Número de Empregos,Mulher - BrAm,86305,19,863,86,Q
310900,Município,2024,Número de Empregos,Mulher - BrAm,86402,7,864,86,Q
310900,Município,2024,Número de Empregos,Mulher - BrAm,86500,3,865,86,Q
310900,Município,2024,Número de Empregos,Mulher - BrAm,86909,1,869,86,Q
310900,Município,2024,Número de Empregos,Mulher - BrAm,87115,12,871,87,Q
310900,Município,2024,Número de Empregos,Mulher - BrAm,91023,98,910,91,R
310900,Município,2024,Número de Empregos,Mulher - BrAm,93131,2,931,93,R
310900,Município,2024,Número de Empregos,Mulher - BrAm,94111,1,941,94,S
310900,Município,2024,Número de Empregos,Mulher - BrAm,94201,1,942,94,S
310900,Município,2024,Número de Empregos,Mulher - BrAm,94308,22,943,94,S
310900,Município,2024,Número de Empregos,Mulher - BrAm,94995,6,949,94,S
310900,Município,2024,Número de Empregos,Mulher - BrAm,96017,1,960,96,S
310900,Município,2024,Número de Empregos,Mulher - BrAm,96025,3,960,96,S
310900,Município,2024,Número de Empregos,Mulher - BrAm,96092,1,960,96,S
310900,Município,2024,Número de Empregos,Mulher - PPI,01199,1,011,01,A
310900,Município,2024,Número de Empregos,Mulher - PPI,01512,3,015,01,A
310900,Município,2024,Número de Empregos,Mulher - PPI,01521,2,015,01,A
310900,Município,2024,Número de Empregos,Mulher - PPI,01547,2,015,01,A
310900,Município,2024,Número de Empregos,Mulher - PPI,01610,1,016,01,A
310900,Município,2024,Número de Empregos,Mulher - PPI,01628,1,016,01,A
310900,Município,2024,Número de Empregos,Mulher - PPI,02306,8,023,02,A
310900,Município,2024,Número de Empregos,Mulher - PPI,07103,231,071,07,B
310900,Município,2024,Número de Empregos,Mulher - PPI,08100,1,081,08,B
310900,Município,2024,Número de Empregos,Mulher - PPI,09904,3,099,09,B
310900,Município,2024,Número de Empregos,Mulher - PPI,10121,35,101,10,C
310900,Município,2024,Número de Empregos,Mulher - PPI,10139,1,101,10,C
310900,Município,2024,Número de Empregos,Mulher - PPI,10911,23,109,10,C
310900,Município,2024,Número de Empregos,Mulher - PPI,10945,1,109,10,C
310900,Município,2024,Número de Empregos,Mulher - PPI,11216,86,112,11,C
310900,Município,2024,Número de Empregos,Mulher - PPI,14134,12,141,14,C
310900,Município,2024,Número de Empregos,Mulher - PPI,23494,1,234,23,C
310900,Município,2024,Número de Empregos,Mulher - PPI,23915,1,239,23,C
310900,Município,2024,Número de Empregos,Mulher - PPI,24512,1,245,24,C
310900,Município,2024,Número de Empregos,Mulher - PPI,25128,1,251,25,C
310900,Município,2024,Número de Empregos,Mulher - PPI,28402,1,284,28,C
310900,Município,2024,Número de Empregos,Mulher - PPI,31012,1,310,31,C
310900,Município,2024,Número de Empregos,Mulher - PPI,33210,1,332,33,C
310900,Município,2024,Número de Empregos,Mulher - PPI,41204,25,412,41,F
310900,Município,2024,Número de Empregos,Mulher - PPI,42111,87,421,42,F
310900,Município,2024,Número de Empregos,Mulher - PPI,42120,15,421,42,F
310900,Município,2024,Número de Empregos,Mulher - PPI,42995,1,429,42,F
310900,Município,2024,Número de Empregos,Mulher - PPI,43304,5,433,43,F
310900,Município,2024,Número de Empregos,Mulher - PPI,43991,11,439,43,F
310900,Município,2024,Número de Empregos,Mulher - PPI,45307,6,453,45,G
310900,Município,2024,Número de Empregos,Mulher - PPI,45412,1,454,45,G
310900,Município,2024,Número de Empregos,Mulher - PPI,46397,2,463,46,G
310900,Município,2024,Número de Empregos,Mulher - PPI,46893,4,468,46,G
310900,Município,2024,Número de Empregos,Mulher - PPI,46915,31,469,46,G
310900,Município,2024,Número de Empregos,Mulher - PPI,47113,149,471,47,G
310900,Município,2024,Número de Empregos,Mulher - PPI,47121,17,471,47,G
310900,Município,2024,Número de Empregos,Mulher - PPI,47130,8,471,47,G
310900,Município,2024,Número de Empregos,Mulher - PPI,47211,13,472,47,G
310900,Município,2024,Número de Empregos,Mulher - PPI,47229,6,472,47,G
310900,Município,2024,Número de Empregos,Mulher - PPI,47237,2,472,47,G
310900,Município,2024,Número de Empregos,Mulher - PPI,47245,2,472,47,G
310900,Município,2024,Número de Empregos,Mulher - PPI,47296,5,472,47,G
310900,Município,2024,Número de Empregos,Mulher - PPI,47318,8,473,47,G
310900,Município,2024,Número de Empregos,Mulher - PPI,47415,2,474,47,G
310900,Município,2024,Número de Empregos,Mulher - PPI,47423,1,474,47,G
310900,Município,2024,Número de Empregos,Mulher - PPI,47440,26,474,47,G
310900,Município,2024,Número de Empregos,Mulher - PPI,47512,1,475,47,G
310900,Município,2024,Número de Empregos,Mulher - PPI,47539,5,475,47,G
310900,Município,2024,Número de Empregos,Mulher - PPI,47547,2,475,47,G
310900,Município,2024,Número de Empregos,Mulher - PPI,47555,10,475,47,G
310900,Município,2024,Número de Empregos,Mulher - PPI,47571,1,475,47,G
310900,Município,2024,Número de Empregos,Mulher - PPI,47610,6,476,47,G
310900,Município,2024,Número de Empregos,Mulher - PPI,47636,3,476,47,G
310900,Município,2024,Número de Empregos,Mulher - PPI,47717,46,477,47,G
310900,Município,2024,Número de Empregos,Mulher - PPI,47725,3,477,47,G
310900,Município,2024,Número de Empregos,Mulher - PPI,47741,3,477,47,G
310900,Município,2024,Número de Empregos,Mulher - PPI,47814,27,478,47,G
310900,Município,2024,Número de Empregos,Mulher - PPI,47822,14,478,47,G
310900,Município,2024,Número de Empregos,Mulher - PPI,47849,3,478,47,G
310900,Município,2024,Número de Empregos,Mulher - PPI,47890,14,478,47,G
310900,Município,2024,Número de Empregos,Mulher - PPI,49213,4,492,49,H
310900,Município,2024,Número de Empregos,Mulher - PPI,49299,28,492,49,H
310900,Município,2024,Número de Empregos,Mulher - PPI,49302,10,493,49,H
310900,Município,2024,Número de Empregos,Mulher - PPI,52125,12,521,52,H
310900,Município,2024,Número de Empregos,Mulher - PPI,52290,1,522,52,H
310900,Município,2024,Número de Empregos,Mulher - PPI,52508,6,525,52,H
310900,Município,2024,Número de Empregos,Mulher - PPI,53105,1,531,53,H
310900,Município,2024,Número de Empregos,Mulher - PPI,55108,77,551,55,I
310900,Município,2024,Número de Empregos,Mulher - PPI,55906,4,559,55,I
310900,Município,2024,Número de Empregos,Mulher - PPI,56112,152,561,56,I
310900,Município,2024,Número de Empregos,Mulher - PPI,56121,2,561,56,I
310900,Município,2024,Número de Empregos,Mulher - PPI,56201,52,562,56,I
310900,Município,2024,Número de Empregos,Mulher - PPI,61108,2,611,61,J
310900,Município,2024,Número de Empregos,Mulher - PPI,64221,5,642,64,K
310900,Município,2024,Número de Empregos,Mulher - PPI,64239,1,642,64,K
310900,Município,2024,Número de Empregos,Mulher - PPI,64247,7,642,64,K
310900,Município,2024,Número de Empregos,Mulher - PPI,66223,1,662,66,K
310900,Município,2024,Número de Empregos,Mulher - PPI,68102,4,681,68,L
310900,Município,2024,Número de Empregos,Mulher - PPI,68218,4,682,68,L
310900,Município,2024,Número de Empregos,Mulher - PPI,68226,2,682,68,L
310900,Município,2024,Número de Empregos,Mulher - PPI,69117,2,691,69,M
310900,Município,2024,Número de Empregos,Mulher - PPI,69125,11,691,69,M
310900,Município,2024,Número de Empregos,Mulher - PPI,69206,21,692,69,M
310900,Município,2024,Número de Empregos,Mulher - PPI,70204,3,702,70,M
310900,Município,2024,Número de Empregos,Mulher - PPI,71120,5,711,71,M
310900,Município,2024,Número de Empregos,Mulher - PPI,71197,1,711,71,M
310900,Município,2024,Número de Empregos,Mulher - PPI,73190,1,731,73,M
310900,Município,2024,Número de Empregos,Mulher - PPI,74901,5,749,74,M
310900,Município,2024,Número de Empregos,Mulher - PPI,75001,2,750,75,M
310900,Município,2024,Número de Empregos,Mulher - PPI,79112,1,791,79,N
310900,Município,2024,Número de Empregos,Mulher - PPI,80200,1,802,80,N
310900,Município,2024,Número de Empregos,Mulher - PPI,81125,53,811,81,N
310900,Município,2024,Número de Empregos,Mulher - PPI,82113,21,821,82,N
310900,Município,2024,Número de Empregos,Mulher - PPI,82997,5,829,82,N
310900,Município,2024,Número de Empregos,Mulher - PPI,84116,533,841,84,O
310900,Município,2024,Número de Empregos,Mulher - PPI,85121,5,851,85,P
310900,Município,2024,Número de Empregos,Mulher - PPI,85139,35,851,85,P
310900,Município,2024,Número de Empregos,Mulher - PPI,85201,1,852,85,P
310900,Município,2024,Número de Empregos,Mulher - PPI,85333,2,853,85,P
310900,Município,2024,Número de Empregos,Mulher - PPI,85937,6,859,85,P
310900,Município,2024,Número de Empregos,Mulher - PPI,85996,10,859,85,P
310900,Município,2024,Número de Empregos,Mulher - PPI,86101,52,861,86,Q
310900,Município,2024,Número de Empregos,Mulher - PPI,86305,47,863,86,Q
310900,Município,2024,Número de Empregos,Mulher - PPI,86402,16,864,86,Q
310900,Município,2024,Número de Empregos,Mulher - PPI,86500,5,865,86,Q
310900,Município,2024,Número de Empregos,Mulher - PPI,86909,1,869,86,Q
310900,Município,2024,Número de Empregos,Mulher - PPI,87115,36,871,87,Q
310900,Município,2024,Número de Empregos,Mulher - PPI,91023,167,910,91,R
310900,Município,2024,Número de Empregos,Mulher - PPI,93131,11,931,93,R
310900,Município,2024,Número de Empregos,Mulher - PPI,93191,2,931,93,R
310900,Município,2024,Número de Empregos,Mulher - PPI,93298,2,932,93,R
310900,Município,2024,Número de Empregos,Mulher - PPI,94111,1,941,94,S
310900,Município,2024,Número de Empregos,Mulher - PPI,94201,3,942,94,S
310900,Município,2024,Número de Empregos,Mulher - PPI,94308,70,943,94,S
310900,Município,2024,Número de Empregos,Mulher - PPI,94995,10,949,94,S
310900,Município,2024,Número de Empregos,Mulher - PPI,95291,5,952,95,S
310900,Município,2024,Número de Empregos,Mulher - PPI,96025,5,960,96,S
310900,Município,2024,Número de Empregos,Mulher - PPI,96033,2,960,96,S
310900,Município,2024,Número de Empregos,Mulher - PPI,96092,2,960,96,S
310900,Município,2024,Número de Empregos,Mulher - Total,01199,1,011,01,A
310900,Município,2024,Número de Empregos,Mulher - Total,01512,7,015,01,A
310900,Município,2024,Número de Empregos,Mulher - Total,01521,5,015,01,A
310900,Município,2024,Número de Empregos,Mulher - Total,01547,3,015,01,A
310900,Município,2024,Número de Empregos,Mulher - Total,01610,2,016,01,A
310900,Município,2024,Número de Empregos,Mulher - Total,01628,1,016,01,A
310900,Município,2024,Número de Empregos,Mulher - Total,02306,10,023,02,A
310900,Município,2024,Número de Empregos,Mulher - Total,07103,433,071,07,B
310900,Município,2024,Número de Empregos,Mulher - Total,08100,3,081,08,B
310900,Município,2024,Número de Empregos,Mulher - Total,09904,8,099,09,B
310900,Município,2024,Número de Empregos,Mulher - Total,10121,58,101,10,C
310900,Município,2024,Número de Empregos,Mulher - Total,10139,2,101,10,C
310900,Município,2024,Número de Empregos,Mulher - Total,10538,2,105,10,C
310900,Município,2024,Número de Empregos,Mulher - Total,10643,1,106,10,C
310900,Município,2024,Número de Empregos,Mulher - Total,10911,38,109,10,C
310900,Município,2024,Número de Empregos,Mulher - Total,10945,4,109,10,C
310900,Município,2024,Número de Empregos,Mulher - Total,11216,107,112,11,C
310900,Município,2024,Número de Empregos,Mulher - Total,14126,6,141,14,C
310900,Município,2024,Número de Empregos,Mulher - Total,14134,33,141,14,C
310900,Município,2024,Número de Empregos,Mulher - Total,23303,1,233,23,C
310900,Município,2024,Número de Empregos,Mulher - Total,23494,1,234,23,C
310900,Município,2024,Número de Empregos,Mulher - Total,23915,1,239,23,C
310900,Município,2024,Número de Empregos,Mulher - Total,24512,4,245,24,C
310900,Município,2024,Número de Empregos,Mulher - Total,25128,1,251,25,C
310900,Município,2024,Número de Empregos,Mulher - Total,28402,2,284,28,C
310900,Município,2024,Número de Empregos,Mulher - Total,31012,1,310,31,C
310900,Município,2024,Número de Empregos,Mulher - Total,32507,1,325,32,C
310900,Município,2024,Número de Empregos,Mulher - Total,33210,1,332,33,C
310900,Município,2024,Número de Empregos,Mulher - Total,41204,40,412,41,F
310900,Município,2024,Número de Empregos,Mulher - Total,42111,107,421,42,F
310900,Município,2024,Número de Empregos,Mulher - Total,42120,22,421,42,F
310900,Município,2024,Número de Empregos,Mulher - Total,42995,4,429,42,F
310900,Município,2024,Número de Empregos,Mulher - Total,43304,7,433,43,F
310900,Município,2024,Número de Empregos,Mulher - Total,43991,26,439,43,F
310900,Município,2024,Número de Empregos,Mulher - Total,45200,2,452,45,G
310900,Município,2024,Número de Empregos,Mulher - Total,45307,9,453,45,G
310900,Município,2024,Número de Empregos,Mulher - Total,45412,1,454,45,G
310900,Município,2024,Número de Empregos,Mulher - Total,46397,2,463,46,G
310900,Município,2024,Número de Empregos,Mulher - Total,46494,1,464,46,G
310900,Município,2024,Número de Empregos,Mulher - Total,46711,2,467,46,G
310900,Município,2024,Número de Empregos,Mulher - Total,46893,7,468,46,G
310900,Município,2024,Número de Empregos,Mulher - Total,46915,40,469,46,G
310900,Município,2024,Número de Empregos,Mulher - Total,47113,194,471,47,G
310900,Município,2024,Número de Empregos,Mulher - Total,47121,32,471,47,G
310900,Município,2024,Número de Empregos,Mulher - Total,47130,10,471,47,G
310900,Município,2024,Número de Empregos,Mulher - Total,47211,25,472,47,G
310900,Município,2024,Número de Empregos,Mulher - Total,47229,10,472,47,G
310900,Município,2024,Número de Empregos,Mulher - Total,47237,2,472,47,G
310900,Município,2024,Número de Empregos,Mulher - Total,47245,2,472,47,G
310900,Município,2024,Número de Empregos,Mulher - Total,47296,6,472,47,G
310900,Município,2024,Número de Empregos,Mulher - Total,47318,9,473,47,G
310900,Município,2024,Número de Empregos,Mulher - Total,47415,3,474,47,G
310900,Município,2024,Número de Empregos,Mulher - Total,47423,1,474,47,G
310900,Município,2024,Número de Empregos,Mulher - Total,47431,2,474,47,G
310900,Município,2024,Número de Empregos,Mulher - Total,47440,53,474,47,G
310900,Município,2024,Número de Empregos,Mulher - Total,47512,2,475,47,G
310900,Município,2024,Número de Empregos,Mulher - Total,47539,10,475,47,G
310900,Município,2024,Número de Empregos,Mulher - Total,47547,12,475,47,G
310900,Município,2024,Número de Empregos,Mulher - Total,47555,25,475,47,G
310900,Município,2024,Número de Empregos,Mulher - Total,47571,1,475,47,G
310900,Município,2024,Número de Empregos,Mulher - Total,47610,8,476,47,G
310900,Município,2024,Número de Empregos,Mulher - Total,47636,3,476,47,G
310900,Município,2024,Número de Empregos,Mulher - Total,47717,81,477,47,G
310900,Município,2024,Número de Empregos,Mulher - Total,47725,4,477,47,G
310900,Município,2024,Número de Empregos,Mulher - Total,47741,9,477,47,G
310900,Município,2024,Número de Empregos,Mulher - Total,47814,68,478,47,G
310900,Município,2024,Número de Empregos,Mulher - Total,47822,27,478,47,G
310900,Município,2024,Número de Empregos,Mulher - Total,47849,6,478,47,G
310900,Município,2024,Número de Empregos,Mulher - Total,47890,17,478,47,G
310900,Município,2024,Número de Empregos,Mulher - Total,49213,8,492,49,H
310900,Município,2024,Número de Empregos,Mulher - Total,49299,46,492,49,H
310900,Município,2024,Número de Empregos,Mulher - Total,49302,26,493,49,H
310900,Município,2024,Número de Empregos,Mulher - Total,52125,12,521,52,H
310900,Município,2024,Número de Empregos,Mulher - Total,52290,1,522,52,H
310900,Município,2024,Número de Empregos,Mulher - Total,52508,11,525,52,H
310900,Município,2024,Número de Empregos,Mulher - Total,53105,3,531,53,H
310900,Município,2024,Número de Empregos,Mulher - Total,55108,102,551,55,I
310900,Município,2024,Número de Empregos,Mulher - Total,55906,4,559,55,I
310900,Município,2024,Número de Empregos,Mulher - Total,56112,236,561,56,I
310900,Município,2024,Número de Empregos,Mulher - Total,56121,2,561,56,I
310900,Município,2024,Número de Empregos,Mulher - Total,56201,78,562,56,I
310900,Município,2024,Número de Empregos,Mulher - Total,61108,4,611,61,J
310900,Município,2024,Número de Empregos,Mulher - Total,64221,12,642,64,K
310900,Município,2024,Número de Empregos,Mulher - Total,64239,1,642,64,K
310900,Município,2024,Número de Empregos,Mulher - Total,64247,20,642,64,K
310900,Município,2024,Número de Empregos,Mulher - Total,66223,2,662,66,K
310900,Município,2024,Número de Empregos,Mulher - Total,68102,4,681,68,L
310900,Município,2024,Número de Empregos,Mulher - Total,68218,8,682,68,L
310900,Município,2024,Número de Empregos,Mulher - Total,68226,4,682,68,L
310900,Município,2024,Número de Empregos,Mulher - Total,69117,3,691,69,M
310900,Município,2024,Número de Empregos,Mulher - Total,69125,20,691,69,M
310900,Município,2024,Número de Empregos,Mulher - Total,69206,38,692,69,M
310900,Município,2024,Número de Empregos,Mulher - Total,70204,5,702,70,M
310900,Município,2024,Número de Empregos,Mulher - Total,71120,7,711,71,M
310900,Município,2024,Número de Empregos,Mulher - Total,71197,3,711,71,M
310900,Município,2024,Número de Empregos,Mulher - Total,73190,3,731,73,M
310900,Município,2024,Número de Empregos,Mulher - Total,73203,1,732,73,M
310900,Município,2024,Número de Empregos,Mulher - Total,74901,12,749,74,M
310900,Município,2024,Número de Empregos,Mulher - Total,75001,8,750,75,M
310900,Município,2024,Número de Empregos,Mulher - Total,77195,2,771,77,N
310900,Município,2024,Número de Empregos,Mulher - Total,77322,2,773,77,N
310900,Município,2024,Número de Empregos,Mulher - Total,77390,1,773,77,N
310900,Município,2024,Número de Empregos,Mulher - Total,79112,2,791,79,N
310900,Município,2024,Número de Empregos,Mulher - Total,80200,1,802,80,N
310900,Município,2024,Número de Empregos,Mulher - Total,81125,87,811,81,N
310900,Município,2024,Número de Empregos,Mulher - Total,82113,28,821,82,N
310900,Município,2024,Número de Empregos,Mulher - Total,82997,11,829,82,N
310900,Município,2024,Número de Empregos,Mulher - Total,84116,1277,841,84,O
310900,Município,2024,Número de Empregos,Mulher - Total,85121,9,851,85,P
310900,Município,2024,Número de Empregos,Mulher - Total,85139,72,851,85,P
310900,Município,2024,Número de Empregos,Mulher - Total,85201,6,852,85,P
310900,Município,2024,Número de Empregos,Mulher - Total,85333,26,853,85,P
310900,Município,2024,Número de Empregos,Mulher - Total,85937,10,859,85,P
310900,Município,2024,Número de Empregos,Mulher - Total,85996,23,859,85,P
310900,Município,2024,Número de Empregos,Mulher - Total,86101,75,861,86,Q
310900,Município,2024,Número de Empregos,Mulher - Total,86305,75,863,86,Q
310900,Município,2024,Número de Empregos,Mulher - Total,86402,23,864,86,Q
310900,Município,2024,Número de Empregos,Mulher - Total,86500,9,865,86,Q
310900,Município,2024,Número de Empregos,Mulher - Total,86909,2,869,86,Q
310900,Município,2024,Número de Empregos,Mulher - Total,87115,48,871,87,Q
310900,Município,2024,Número de Empregos,Mulher - Total,91023,266,910,91,R
310900,Município,2024,Número de Empregos,Mulher - Total,93123,1,931,93,R
310900,Município,2024,Número de Empregos,Mulher - Total,93131,13,931,93,R
310900,Município,2024,Número de Empregos,Mulher - Total,93191,2,931,93,R
310900,Município,2024,Número de Empregos,Mulher - Total,93298,2,932,93,R
310900,Município,2024,Número de Empregos,Mulher - Total,94111,2,941,94,S
310900,Município,2024,Número de Empregos,Mulher - Total,94201,4,942,94,S
310900,Município,2024,Número de Empregos,Mulher - Total,94308,95,943,94,S
310900,Município,2024,Número de Empregos,Mulher - Total,94995,16,949,94,S
310900,Município,2024,Número de Empregos,Mulher - Total,95291,5,952,95,S
310900,Município,2024,Número de Empregos,Mulher - Total,96017,1,960,96,S
310900,Município,2024,Número de Empregos,Mulher - Total,96025,8,960,96,S
310900,Município,2024,Número de Empregos,Mulher - Total,96033,2,960,96,S
310900,Município,2024,Número de Empregos,Mulher - Total,96092,4,960,96,S
310900,Município,2024,Número de Empregos,PPI - Total,01113,1,011,01,A
310900,Município,2024,Número de Empregos,PPI - Total,01199,12,011,01,A
310900,Município,2024,Número de Empregos,PPI - Total,01211,3,012,01,A
310900,Município,2024,Número de Empregos,PPI - Total,01318,3,013,01,A
310900,Município,2024,Número de Empregos,PPI - Total,01393,2,013,01,A
310900,Município,2024,Número de Empregos,PPI - Total,01512,39,015,01,A
310900,Município,2024,Número de Empregos,PPI - Total,01521,14,015,01,A
310900,Município,2024,Número de Empregos,PPI - Total,01547,17,015,01,A
310900,Município,2024,Número de Empregos,PPI - Total,01555,1,015,01,A
310900,Município,2024,Número de Empregos,PPI - Total,01598,1,015,01,A
310900,Município,2024,Número de Empregos,PPI - Total,01610,11,016,01,A
310900,Município,2024,Número de Empregos,PPI - Total,01628,11,016,01,A
310900,Município,2024,Número de Empregos,PPI - Total,02306,39,023,02,A
310900,Município,2024,Número de Empregos,PPI - Total,07103,1554,071,07,B
310900,Município,2024,Número de Empregos,PPI - Total,08100,20,081,08,B
310900,Município,2024,Número de Empregos,PPI - Total,09904,13,099,09,B
310900,Município,2024,Número de Empregos,PPI - Total,10121,68,101,10,C
310900,Município,2024,Número de Empregos,PPI - Total,10139,2,101,10,C
310900,Município,2024,Número de Empregos,PPI - Total,10520,1,105,10,C
310900,Município,2024,Número de Empregos,PPI - Total,10538,3,105,10,C
310900,Município,2024,Número de Empregos,PPI - Total,10911,37,109,10,C
310900,Município,2024,Número de Empregos,PPI - Total,10945,4,109,10,C
310900,Município,2024,Número de Empregos,PPI - Total,11119,1,111,11,C
310900,Município,2024,Número de Empregos,PPI - Total,11216,140,112,11,C
310900,Município,2024,Número de Empregos,PPI - Total,14126,1,141,14,C
310900,Município,2024,Número de Empregos,PPI - Total,14134,20,141,14,C
310900,Município,2024,Número de Empregos,PPI - Total,18300,1,183,18,C
310900,Município,2024,Número de Empregos,PPI - Total,20991,3,209,20,C
310900,Município,2024,Número de Empregos,PPI - Total,23303,10,233,23,C
310900,Município,2024,Número de Empregos,PPI - Total,23494,1,234,23,C
310900,Município,2024,Número de Empregos,PPI - Total,23915,5,239,23,C
310900,Município,2024,Número de Empregos,PPI - Total,24512,21,245,24,C
310900,Município,2024,Número de Empregos,PPI - Total,25128,12,251,25,C
310900,Município,2024,Número de Empregos,PPI - Total,25420,2,254,25,C
310900,Município,2024,Número de Empregos,PPI - Total,28402,2,284,28,C
310900,Município,2024,Número de Empregos,PPI - Total,28691,1,286,28,C
310900,Município,2024,Número de Empregos,PPI - Total,31012,8,310,31,C
310900,Município,2024,Número de Empregos,PPI - Total,33147,1,331,33,C
310900,Município,2024,Número de Empregos,PPI - Total,33210,1,332,33,C
310900,Município,2024,Número de Empregos,PPI - Total,38114,6,381,38,E
310900,Município,2024,Número de Empregos,PPI - Total,41107,3,411,41,F
310900,Município,2024,Número de Empregos,PPI - Total,41204,189,412,41,F
310900,Município,2024,Número de Empregos,PPI - Total,42111,725,421,42,F
310900,Município,2024,Número de Empregos,PPI - Total,42120,121,421,42,F
310900,Município,2024,Número de Empregos,PPI - Total,42219,1,422,42,F
310900,Município,2024,Número de Empregos,PPI - Total,42227,7,422,42,F
310900,Município,2024,Número de Empregos,PPI - Total,42910,3,429,42,F
310900,Município,2024,Número de Empregos,PPI - Total,42928,1,429,42,F
310900,Município,2024,Número de Empregos,PPI - Total,42995,45,429,42,F
310900,Município,2024,Número de Empregos,PPI - Total,43134,4,431,43,F
310900,Município,2024,Número de Empregos,PPI - Total,43215,3,432,43,F
310900,Município,2024,Número de Empregos,PPI - Total,43223,3,432,43,F
310900,Município,2024,Número de Empregos,PPI - Total,43291,17,432,43,F
310900,Município,2024,Número de Empregos,PPI - Total,43304,33,433,43,F
310900,Município,2024,Número de Empregos,PPI - Total,43991,110,439,43,F
310900,Município,2024,Número de Empregos,PPI - Total,45200,8,452,45,G
310900,Município,2024,Número de Empregos,PPI - Total,45307,23,453,45,G
310900,Município,2024,Número de Empregos,PPI - Total,45412,3,454,45,G
310900,Município,2024,Número de Empregos,PPI - Total,46354,1,463,46,G
310900,Município,2024,Número de Empregos,PPI - Total,46371,1,463,46,G
310900,Município,2024,Número de Empregos,PPI - Total,46397,3,463,46,G
310900,Município,2024,Número de Empregos,PPI - Total,46451,1,464,46,G
310900,Município,2024,Número de Empregos,PPI - Total,46494,1,464,46,G
310900,Município,2024,Número de Empregos,PPI - Total,46729,1,467,46,G
310900,Município,2024,Número de Empregos,PPI - Total,46893,20,468,46,G
310900,Município,2024,Número de Empregos,PPI - Total,46915,72,469,46,G
310900,Município,2024,Número de Empregos,PPI - Total,47113,289,471,47,G
310900,Município,2024,Número de Empregos,PPI - Total,47121,25,471,47,G
310900,Município,2024,Número de Empregos,PPI - Total,47130,15,471,47,G
310900,Município,2024,Número de Empregos,PPI - Total,47211,18,472,47,G
310900,Município,2024,Número de Empregos,PPI - Total,47229,19,472,47,G
310900,Município,2024,Número de Empregos,PPI - Total,47237,5,472,47,G
310900,Município,2024,Número de Empregos,PPI - Total,47245,5,472,47,G
310900,Município,2024,Número de Empregos,PPI - Total,47296,8,472,47,G
310900,Município,2024,Número de Empregos,PPI - Total,47318,54,473,47,G
310900,Município,2024,Número de Empregos,PPI - Total,47415,4,474,47,G
310900,Município,2024,Número de Empregos,PPI - Total,47423,1,474,47,G
310900,Município,2024,Número de Empregos,PPI - Total,47431,8,474,47,G
310900,Município,2024,Número de Empregos,PPI - Total,47440,119,474,47,G
310900,Município,2024,Número de Empregos,PPI - Total,47512,1,475,47,G
310900,Município,2024,Número de Empregos,PPI - Total,47539,7,475,47,G
310900,Município,2024,Número de Empregos,PPI - Total,47547,4,475,47,G
310900,Município,2024,Número de Empregos,PPI - Total,47555,10,475,47,G
310900,Município,2024,Número de Empregos,PPI - Total,47571,1,475,47,G
310900,Município,2024,Número de Empregos,PPI - Total,47610,9,476,47,G
310900,Município,2024,Número de Empregos,PPI - Total,47636,3,476,47,G
310900,Município,2024,Número de Empregos,PPI - Total,47717,64,477,47,G
310900,Município,2024,Número de Empregos,PPI - Total,47725,4,477,47,G
310900,Município,2024,Número de Empregos,PPI - Total,47741,3,477,47,G
310900,Município,2024,Número de Empregos,PPI - Total,47814,29,478,47,G
310900,Município,2024,Número de Empregos,PPI - Total,47822,15,478,47,G
310900,Município,2024,Número de Empregos,PPI - Total,47849,19,478,47,G
310900,Município,2024,Número de Empregos,PPI - Total,47890,51,478,47,G
310900,Município,2024,Número de Empregos,PPI - Total,49213,43,492,49,H
310900,Município,2024,Número de Empregos,PPI - Total,49221,4,492,49,H
310900,Município,2024,Número de Empregos,PPI - Total,49299,145,492,49,H
310900,Município,2024,Número de Empregos,PPI - Total,49302,325,493,49,H
310900,Município,2024,Número de Empregos,PPI - Total,52125,55,521,52,H
310900,Município,2024,Número de Empregos,PPI - Total,52290,1,522,52,H
310900,Município,2024,Número de Empregos,PPI - Total,52508,79,525,52,H
310900,Município,2024,Número de Empregos,PPI - Total,53105,8,531,53,H
310900,Município,2024,Número de Empregos,PPI - Total,55108,124,551,55,I
310900,Município,2024,Número de Empregos,PPI - Total,55906,5,559,55,I
310900,Município,2024,Número de Empregos,PPI - Total,56112,219,561,56,I
310900,Município,2024,Número de Empregos,PPI - Total,56121,2,561,56,I
310900,Município,2024,Número de Empregos,PPI - Total,56201,70,562,56,I
310900,Município,2024,Número de Empregos,PPI - Total,61108,4,611,61,J
310900,Município,2024,Número de Empregos,PPI - Total,64221,8,642,64,K
310900,Município,2024,Número de Empregos,PPI - Total,64239,3,642,64,K
310900,Município,2024,Número de Empregos,PPI - Total,64247,9,642,64,K
310900,Município,2024,Número de Empregos,PPI - Total,66193,2,661,66,K
310900,Município,2024,Número de Empregos,PPI - Total,66223,2,662,66,K
310900,Município,2024,Número de Empregos,PPI - Total,68102,7,681,68,L
310900,Município,2024,Número de Empregos,PPI - Total,68218,6,682,68,L
310900,Município,2024,Número de Empregos,PPI - Total,68226,3,682,68,L
310900,Município,2024,Número de Empregos,PPI - Total,69117,3,691,69,M
310900,Município,2024,Número de Empregos,PPI - Total,69125,18,691,69,M
310900,Município,2024,Número de Empregos,PPI - Total,69206,27,692,69,M
310900,Município,2024,Número de Empregos,PPI - Total,70204,12,702,70,M
310900,Município,2024,Número de Empregos,PPI - Total,71120,48,711,71,M
310900,Município,2024,Número de Empregos,PPI - Total,71197,2,711,71,M
310900,Município,2024,Número de Empregos,PPI - Total,73190,5,731,73,M
310900,Município,2024,Número de Empregos,PPI - Total,74901,5,749,74,M
310900,Município,2024,Número de Empregos,PPI - Total,75001,2,750,75,M
310900,Município,2024,Número de Empregos,PPI - Total,77195,5,771,77,N
310900,Município,2024,Número de Empregos,PPI - Total,77322,8,773,77,N
310900,Município,2024,Número de Empregos,PPI - Total,79112,5,791,79,N
310900,Município,2024,Número de Empregos,PPI - Total,80200,3,802,80,N
310900,Município,2024,Número de Empregos,PPI - Total,81125,259,811,81,N
310900,Município,2024,Número de Empregos,PPI - Total,82113,34,821,82,N
310900,Município,2024,Número de Empregos,PPI - Total,82997,20,829,82,N
310900,Município,2024,Número de Empregos,PPI - Total,84116,835,841,84,O
310900,Município,2024,Número de Empregos,PPI - Total,85121,5,851,85,P
310900,Município,2024,Número de Empregos,PPI - Total,85139,46,851,85,P
310900,Município,2024,Número de Empregos,PPI - Total,85201,2,852,85,P
310900,Município,2024,Número de Empregos,PPI - Total,85333,9,853,85,P
310900,Município,2024,Número de Empregos,PPI - Total,85937,8,859,85,P
310900,Município,2024,Número de Empregos,PPI - Total,85996,17,859,85,P
310900,Município,2024,Número de Empregos,PPI - Total,86101,74,861,86,Q
310900,Município,2024,Número de Empregos,PPI - Total,86305,62,863,86,Q
310900,Município,2024,Número de Empregos,PPI - Total,86402,16,864,86,Q
310900,Município,2024,Número de Empregos,PPI - Total,86500,5,865,86,Q
310900,Município,2024,Número de Empregos,PPI - Total,86909,1,869,86,Q
310900,Município,2024,Número de Empregos,PPI - Total,87115,37,871,87,Q
310900,Município,2024,Número de Empregos,PPI - Total,91023,346,910,91,R
310900,Município,2024,Número de Empregos,PPI - Total,93123,5,931,93,R
310900,Município,2024,Número de Empregos,PPI - Total,93131,19,931,93,R
310900,Município,2024,Número de Empregos,PPI - Total,93191,2,931,93,R
310900,Município,2024,Número de Empregos,PPI - Total,93298,4,932,93,R
310900,Município,2024,Número de Empregos,PPI - Total,94111,1,941,94,S
310900,Município,2024,Número de Empregos,PPI - Total,94201,3,942,94,S
310900,Município,2024,Número de Empregos,PPI - Total,94308,109,943,94,S
310900,Município,2024,Número de Empregos,PPI - Total,94910,2,949,94,S
310900,Município,2024,Número de Empregos,PPI - Total,94995,44,949,94,S
310900,Município,2024,Número de Empregos,PPI - Total,95291,10,952,95,S
310900,Município,2024,Número de Empregos,PPI - Total,96025,5,960,96,S
310900,Município,2024,Número de Empregos,PPI - Total,96033,2,960,96,S
310900,Município,2024,Número de Empregos,PPI - Total,96092,4,960,96,S
