CO_ENTIDADE,NO_ENTIDADE,CO_DISTRITO,NO_DISTRITO,TP_DEPENDENCIA,TP_LOCALIZACAO,TP_LOCALIZACAO_DIFERENCIADA,TP_SITUACAO_FUNCIONAMENTO,QT_SALAS_UTILIZADAS,IN_AGUA_POTAVEL,IN_AGUA_REDE_PUBLICA,IN_ENERGIA_REDE_PUBLICA,IN_ESGOTO_REDE_PUBLICA,IN_LIXO_SERVICO_COLETA,IN_INTERNET,IN_BIBLIOTECA,IN_LABORATORIO_INFORMATICA,IN_QUADRA_ESPORTES,IN_ACESSIBILIDADE_INEXISTENTE,IN_ALIMENTACAO,IN_MATERIAL_PED_QUILOMBOLA,IN_MATERIAL_PED_INDIGENA,QT_MAT_BAS,QT_MAT_INF,QT_MAT_INF_CRE,QT_MAT_INF_PRE,QT_MAT_FUND,QT_MAT_FUND_AI,QT_MAT_FUND_AF,QT_MAT_MED,dependencia,localizacao,area_diferenciada,situacao,distrito
31008141,EE PAULINA ALUOTTO FERREIRA,310900605,Brumadinho,2,1,0.0,1,11.0,1.0,1.0,1.0,1.0,1.0,1.0,1.0,1.0,1.0,0.0,1.0,0.0,0.0,581.0,0.0,0.0,0.0,0.0,0.0,0.0,511.0,Estadual,Urbana,Não está em área diferenciada,Em atividade,Brumadinho
31008150,ESCOLA MUNICIPAL DE EDUCACAO INFANTIL MARIA COELI AFONSO,310900605,Brumadinho,3,1,0.0,1,15.0,1.0,1.0,1.0,1.0,1.0,1.0,1.0,0.0,1.0,0.0,1.0,0.0,0.0,376.0,376.0,112.0,264.0,0.0,0.0,0.0,0.0,Municipal,Urbana,Não está em área diferenciada,Em atividade,Brumadinho
31008176,ESCOLA MUNICIPAL MARIA SOLANO MENEZES DINIZ,310900605,Brumadinho,3,2,0.0,1,11.0,1.0,1.0,1.0,0.0,1.0,1.0,1.0,0.0,1.0,0.0,1.0,0.0,0.0,369.0,114.0,60.0,54.0,255.0,146.0,109.0,0.0,Municipal,Rural,Não está em área diferenciada,Em atividade,Brumadinho
31008184,EE PADRE MACHADO,310900605,Brumadinho,2,1,,2,,,,,,,,,,,,,,,,,,,,,,,Estadual,Urbana,Não está em área diferenciada,Paralisada,Brumadinho
31008192,EE PAULO NETO ALKIMIM,310900605,Brumadinho,2,1,0.0,1,12.0,1.0,1.0,1.0,1.0,1.0,1.0,1.0,1.0,1.0,0.0,1.0,0.0,0.0,315.0,0.0,0.0,0.0,25.0,25.0,0.0,282.0,Estadual,Urbana,Não está em área diferenciada,Em atividade,Brumadinho
31011533,ESCOLA MUNICIPAL NOSSA SENHORA DAS DORES,310900605,Brumadinho,3,2,0.0,1,4.0,1.0,1.0,1.0,0.0,1.0,1.0,0.0,1.0,1.0,0.0,1.0,0.0,0.0,33.0,14.0,7.0,7.0,19.0,19.0,0.0,0.0,Municipal,Rural,Não está em área diferenciada,Em atividade,Brumadinho
31011622,ESCOLA MUNICIPAL CARMELA CARUSO ALUOTTO,310900605,Brumadinho,3,2,0.0,1,19.0,1.0,1.0,1.0,0.0,1.0,1.0,1.0,0.0,1.0,0.0,1.0,0.0,0.0,648.0,193.0,89.0,104.0,455.0,254.0,201.0,0.0,Municipal,Rural,Não está em área diferenciada,Em atividade,Brumadinho
31223131,C EDUC MARIA MADALENA F PASS0S,310900605,Brumadinho,4,1,0.0,1,11.0,1.0,1.0,1.0,1.0,1.0,1.0,1.0,0.0,1.0,0.0,0.0,0.0,0.0,268.0,41.0,19.0,22.0,171.0,90.0,81.0,56.0,Privada,Urbana,Não está em área diferenciada,Em atividade,Brumadinho
31234371,ESCOLA MUNICIPAL DE EDUCACAO INFANTIL ILZA MARIA REZENDE SOUZA,310900605,Brumadinho,3,1,0.0,1,5.0,1.0,1.0,1.0,1.0,1.0,1.0,0.0,0.0,0.0,0.0,1.0,0.0,0.0,110.0,110.0,0.0,110.0,0.0,0.0,0.0,0.0,Municipal,Urbana,Não está em área diferenciada,Em atividade,Brumadinho
31234389,ESCOLA MUNICIPAL DONA MANOELA MOREIRA,310900605,Brumadinho,3,2,0.0,1,5.0,1.0,1.0,1.0,1.0,1.0,1.0,0.0,1.0,0.0,0.0,1.0,0.0,0.0,116.0,26.0,4.0,22.0,90.0,90.0,0.0,0.0,Municipal,Rural,Não está em área diferenciada,Em atividade,Brumadinho
31240435,ESCOLA MUNICIPAL BEATRIZ PAMPULINE,310900605,Brumadinho,3,1,0.0,1,11.0,1.0,1.0,1.0,1.0,1.0,1.0,1.0,1.0,1.0,0.0,1.0,0.0,0.0,270.0,0.0,0.0,0.0,270.0,0.0,270.0,0.0,Municipal,Urbana,Não está em área diferenciada,Em atividade,Brumadinho
31247391,ESCOLA MUNICIPAL MARIA DUTRA DE AGUIAR,310900605,Brumadinho,3,1,0.0,1,21.0,1.0,1.0,1.0,1.0,1.0,1.0,1.0,1.0,1.0,0.0,1.0,0.0,0.0,383.0,97.0,97.0,0.0,286.0,286.0,0.0,0.0,Municipal,Urbana,Não está em área diferenciada,Em atividade,Brumadinho
31259322,ESCOLA MUNICIPAL CLARICE GOMES MACHADO,310900605,Brumadinho,3,1,0.0,1,4.0,1.0,1.0,1.0,1.0,0.0,1.0,0.0,1.0,0.0,0.0,1.0,0.0,0.0,26.0,0.0,0.0,0.0,0.0,0.0,0.0,0.0,Municipal,Urbana,Não está em área diferenciada,Em atividade,Brumadinho
31279277,ESCOLA SISTEMA PEDAGOGICO SEMEAR,310900605,Brumadinho,4,1,0.0,1,21.0,1.0,1.0,1.0,1.0,1.0,1.0,1.0,0.0,1.0,0.0,0.0,0.0,0.0,460.0,86.0,37.0,49.0,288.0,154.0,134.0,86.0,Privada,Urbana,Não está em área diferenciada,Em atividade,Brumadinho
31279561,C REC CULT RETIRO DAS PEDRAS,310900605,Brumadinho,4,1,,2,,,,,,,,,,,,,,,,,,,,,,,Privada,Urbana,Não está em área diferenciada,Paralisada,Brumadinho
31308277,APAE ESC MARIA DARIA LIMA,310900605,Brumadinho,4,1,0.0,1,9.0,1.0,1.0,1.0,1.0,1.0,1.0,1.0,1.0,1.0,0.0,1.0,0.0,0.0,74.0,4.0,0.0,4.0,36.0,36.0,0.0,0.0,Privada,Urbana,Não está em área diferenciada,Em atividade,Brumadinho
31317314,ESCOLA MUNICIPAL PADRE VICENTE ASSUNCAO,310900605,Brumadinho,3,1,0.0,1,19.0,1.0,1.0,1.0,1.0,1.0,1.0,1.0,1.0,1.0,0.0,1.0,0.0,0.0,704.0,0.0,0.0,0.0,704.0,704.0,0.0,0.0,Municipal,Urbana,Não está em área diferenciada,Em atividade,Brumadinho
31324230,ESCOLA SATHYA SAI DE MINAS GERAIS,310900605,Brumadinho,4,1,,2,,,,,,,,,,,,,,,,,,,,,,,Privada,Urbana,Não está em área diferenciada,Paralisada,Brumadinho
31326071,ESCOLA MUNICIPAL DE EDUCACAO INFANTIL PADRE MICHEL,310900605,Brumadinho,3,1,0.0,1,12.0,1.0,1.0,1.0,1.0,1.0,1.0,1.0,0.0,1.0,0.0,1.0,0.0,0.0,175.0,175.0,175.0,0.0,0.0,0.0,0.0,0.0,Municipal,Urbana,Não está em área diferenciada,Em atividade,Brumadinho
31329606,CENTRO EDUCACIONAL CECILIA MARIA DE MELO BARCELOS,310900605,Brumadinho,4,1,0.0,1,40.0,1.0,1.0,1.0,1.0,1.0,1.0,1.0,1.0,0.0,0.0,0.0,0.0,0.0,8.0,0.0,0.0,0.0,0.0,0.0,0.0,0.0,Privada,Urbana,Não está em área diferenciada,Em atividade,Brumadinho
31351075,EE ABELARDO DUARTE PASSOS,310900605,Brumadinho,2,1,0.0,1,7.0,1.0,1.0,1.0,0.0,1.0,1.0,1.0,1.0,1.0,0.0,1.0,0.0,1.0,515.0,5.0,2.0,3.0,30.0,18.0,12.0,270.0,Estadual,Urbana,Não está em área diferenciada,Em atividade,Brumadinho
31361070,ESCOLA MUNICIPAL PADRE MACHADO,310900605,Brumadinho,3,1,0.0,1,12.0,1.0,1.0,1.0,1.0,1.0,1.0,1.0,0.0,1.0,0.0,1.0,0.0,0.0,423.0,0.0,0.0,0.0,423.0,0.0,423.0,0.0,Municipal,Urbana,Não está em área diferenciada,Em atividade,Brumadinho
31008206,ESCOLA MUNICIPAL LEON RENAULT,310900610,Aranha,3,2,0.0,1,11.0,1.0,1.0,1.0,0.0,1.0,1.0,1.0,1.0,1.0,0.0,1.0,0.0,0.0,383.0,77.0,22.0,55.0,306.0,136.0,170.0,0.0,Municipal,Rural,Não está em área diferenciada,Em atividade,Aranha
31008222,ESCOLA MUNICIPAL NILZA DE LIMA SALES,310900615,Conceição de Itaguá,3,1,0.0,1,14.0,1.0,1.0,1.0,1.0,1.0,1.0,1.0,0.0,1.0,0.0,1.0,0.0,0.0,413.0,107.0,0.0,107.0,306.0,306.0,0.0,0.0,Municipal,Urbana,Não está em área diferenciada,Em atividade,Conceição de Itaguá
31258849,ESCOLA MUNICIPAL SIRLEI DE BRITO RIBEIRO,310900615,Conceição de Itaguá,3,1,0.0,1,12.0,1.0,1.0,1.0,1.0,1.0,1.0,1.0,0.0,1.0,0.0,1.0,0.0,0.0,310.0,0.0,0.0,0.0,310.0,0.0,310.0,0.0,Municipal,Urbana,Não está em área diferenciada,Em atividade,Conceição de Itaguá
31324361,EMEI CRESCER,310900615,Conceição de Itaguá,3,2,,2,,,,,,,,,,,,,,,,,,,,,,,Municipal,Rural,Não está em área diferenciada,Paralisada,Conceição de Itaguá
31334324,ESCOLA MUNICIPAL DE EDUCACAO INFANTIL NAIR DAS GRACAS PRADO,310900615,Conceição de Itaguá,3,2,0.0,1,9.0,1.0,1.0,1.0,1.0,1.0,1.0,1.0,0.0,1.0,0.0,1.0,0.0,0.0,159.0,159.0,159.0,0.0,0.0,0.0,0.0,0.0,Municipal,Rural,Não está em área diferenciada,Em atividade,Conceição de Itaguá
31008231,ESCOLA MUNICIPAL LUCAS MARCIANO DA SILVA,310900620,Piedade do Paraopeba,3,2,0.0,1,8.0,1.0,1.0,1.0,0.0,1.0,1.0,0.0,0.0,0.0,0.0,1.0,0.0,0.0,344.0,61.0,14.0,47.0,283.0,117.0,166.0,0.0,Municipal,Rural,Não está em área diferenciada,Em atividade,Piedade do Paraopeba
31008249,ESCOLA MUNICIPAL PADRE XISTO,310900620,Piedade do Paraopeba,3,2,0.0,1,9.0,1.0,1.0,1.0,0.0,1.0,1.0,0.0,1.0,1.0,0.0,1.0,0.0,0.0,181.0,21.0,5.0,16.0,160.0,59.0,101.0,0.0,Municipal,Rural,Não está em área diferenciada,Em atividade,Piedade do Paraopeba
31011631,ESCOLA MUNICIPAL JOSIAS JOSE ARAUJO,310900620,Piedade do Paraopeba,3,2,0.0,1,22.0,1.0,1.0,1.0,1.0,1.0,1.0,0.0,1.0,1.0,0.0,1.0,0.0,0.0,307.0,159.0,97.0,62.0,148.0,148.0,0.0,0.0,Municipal,Rural,Não está em área diferenciada,Em atividade,Piedade do Paraopeba
31008257,ESCOLA MUNICIPAL ANTONIO HERMENEGILDO PAIVA,310900625,São José do Paraopeba,3,2,3.0,1,5.0,1.0,1.0,1.0,0.0,1.0,1.0,0.0,0.0,0.0,0.0,1.0,0.0,0.0,68.0,0.0,0.0,0.0,68.0,68.0,0.0,0.0,Municipal,Rural,Área remanescente de quilombo,Em atividade,São José do Paraopeba
31008265,ESCOLA MUNICIPAL PROFESSORA YOLANDINA DE MELO SILVA,310900625,São José do Paraopeba,3,2,3.0,1,4.0,1.0,0.0,1.0,1.0,1.0,1.0,0.0,0.0,1.0,1.0,1.0,0.0,0.0,45.0,33.0,9.0,24.0,12.0,12.0,0.0,0.0,Municipal,Rural,Área remanescente de quilombo,Em atividade,São José do Paraopeba
